IGC50,group,smiles
2.6099999,test,O=C(O)c1ccc(Cl)cc1Cl
1.35,test,CCOC(N)=O
5.1799998,test,Oc1c(Cl)cc(Cl)c(Cl)c1Cl
2.7,test,O=C(O)c1ccccc1
2.8269999,test,CCCCCC=O
3.46,test,O=[N+]([O-])c1cccc(O)c1[N+](=O)[O-]
4.6999998,test,O=c1oc2ccccc2c(O)c1Cc1c(O)c2ccccc2oc1=O
6.04,test,Oc1c(Cl)cc(Cl)c(Cl)c1Cc1c(O)c(Cl)cc(Cl)c1Cl
1.569,test,CCCCO
3.3399999,test,CCC(C)(O)CCCC(C)C
2.6800001,test,CC(C)CBr
1.628,test,CC(C)CO
2.4400001,test,CC(N)CN
4.5100002,test,C=CC(C)=O
2.0699999,test,CC(O)CN
1.4299999,test,CCOC(=O)C(C)(C)O
3.122,test,CCC(Br)C(=O)O
3.5599999,test,Cc1cccc([N+](=O)[O-])c1C
3.8,test,O=C1C=C(O)C(=O)c2ccccc21
4.5999999,test,CCCCOC(=O)c1ccccc1C(=O)OCCCC
3.4300001,test,ClCc1cccc2ccccc12
3.3800001,test,Cc1c(N)cccc1Cl
4.21,test,Clc1cccc(Cl)c1Cl
4.1999998,test,Cc1cc(O)cc(C)c1Cl
2.848,test,CCC(CC)C(=O)O
4.6500001,test,O=[N+]([O-])c1ccc(O)cc1C(F)(F)F
3.6099999,test,CC(C)c1ccccc1O
3.26,test,Cc1ccccc1[N+](=O)[O-]
3.0799999,test,Nc1ccccc1[N+](=O)[O-]
3.8199999,test,Cc1ccc(Cl)cc1[N+](=O)[O-]
4.5300002,test,O=[N+]([O-])c1cc(Cl)c(Cl)cc1Cl
3.49,test,O=Cc1ccccc1Cl
2.49,test,COc1ccccc1O
4.8600001,test,Brc1cccc2ccccc12
5.1700001,test,Ic1cccc2ccccc12
4.0900002,test,Oc1ccccc1-c1ccccc1
2.4000001,test,COc1cccc(OC)c1O
2.7,test,c1ccc2nccnc2c1
2.9300001,test,COc1ccccc1[N+](=O)[O-]
3.9200001,test,CC(=O)c1ccc(-c2ccccc2)cc1
2.6400001,test,CCOc1ccccc1O
3.26,test,c1ccc2sccc2c1
3.9400001,test,Nc1ccccc1O
3.1800001,test,Oc1ccccc1Cl
2.71,test,Cc1ccc(N)c(C)c1
3.3499999,test,Cc1cc(Cl)ccc1N
4.0700002,test,Cc1ccc(Cl)c(Cl)c1
3.2,test,Cc1ccc(Cl)c(N)c1
2.6889999,test,CCC(C)C=O
1.37,test,OCC(O)CCl
4.9590001,test,COC(=O)CBr
2.4100001,test,Clc1cccs1
5.1599998,test,O=[N+]([O-])c1ccc(Cl)c([N+](=O)[O-])c1
2.73,test,C=C(C)C(=O)OCCCC
2.98,test,O=Cc1ccco1
2.73,test,ClC(Cl)(Cl)c1ccccc1
2.3399999,test,CC(O)c1ccccc1
4.1599998,test,O=[N+]([O-])c1ccc(Cl)c(Cl)c1
3.47,test,Nc1cc([N+](=O)[O-])ccc1O
3.98,test,CCC(C)c1ccc(O)cc1
3.47,test,CC(C)c1ccc(O)cc1
2.7,test,CC(=O)c1ccc(O)cc1
3.6500001,test,Cc1ccc([N+](=O)[O-])cc1
3.4300001,test,O=[N+]([O-])c1ccc(Cl)cc1
4.1199999,test,Nc1ccc([N+](=O)[O-])cc1
3.8299999,test,CCOc1ccc([N+](=O)[O-])cc1
3.0599999,test,ClCc1ccccc1
2.48,test,N#Cc1ccccc1
2.1700001,test,OCc1ccccc1
2.204,test,ON=C1CCCCC1
2.9000001,test,COc1ccccc1
4.0100002,test,Oc1cccc(Nc2ccccc2)c1
2.5999999,test,COC(=O)Cc1ccccc1
4.04,test,Oc1ccc(OCc2ccccc2)cc1
3.5799999,test,COC(=O)/C=C/c1ccccc1
2.8599999,test,CCOc1ccccc1
3.6099999,test,NC(=S)Nc1ccccc1
4.0700002,test,CCCCc1ccc(N)cc1
3.4000001,test,COc1ccc(Br)cc1
2.51,test,CCCC(=O)OCC
2.24,test,CCNC(=S)NCC
3.5599999,test,Clc1ccc(Br)cc1
3.05,test,Nc1ccc(Cl)cc1
3.54,test,Oc1ccc(Cl)cc1
2.293,test,CCCN
2.447,test,C#CC(C)(O)CC(C)C
3.21,test,CCCC(C)Br
3.22,test,Nc1cccc(Cl)c1
3.1099999,test,Cc1cc(C)cc(O)c1
3.0799999,test,Brc1ccccc1
2.01,test,Cc1cccnc1
2.8199999,test,CCCCBr
2.8,test,CCCCC
2.427,test,CCCCN
2.296,test,NCCCN
1.91,test,c1cc[nH]c1
1.73,test,CC(=O)OCC(C)C
2.513,test,CCCCCC(C)=O
1.351,test,CCNCCO
2.99,test,C1=CCCCC1
2.7320001,test,O=C(O)CCCCCCCCC(=O)O
2.997,test,CCCSCCC
3.415,test,CCCCCCCC(=O)Cl
1.626,test,CCCCOCCO
4.04,test,CCCCCC/C=C/C(=O)OC
4.2820001,test,CCCCCCCCCC=O
3.898,test,CCCCCCCCCCC(=O)O
5.1609998,test,CCCCCCCCCCCCO
4.7600002,test,CCCCCCCCCCCC=O
5.4499998,test,CCCCCCCCCCCCCO
4.6700001,test,CCCCCCCCCCCCCCO
3.8800001,test,Nc1ccc(O)c([N+](=O)[O-])c1
4.0799999,test,Clc1ccc(Cl)c(Cl)c1
4.04,test,Oc1ccc(Cl)cc1Cl
2.6199999,test,CC(=O)c1cccc(O)c1
3.75,test,Nc1ccc([N+](=O)[O-])cc1Cl
3.3099999,test,COC(=O)c1ccc(OC)cc1
2.77,test,CC(=O)Oc1ccccc1
2.78,test,CC(=O)Nc1ccc(C=O)cc1
3.161,test,CCCCC(C=O)CC
3.21,test,CCc1ccc(O)cc1
3.266,test,O=Cc1ccc(O)cc1
2.1489999,test,CCOC(=O)CCC(=O)OCC
2.7279999,test,CC(=O)CC(C)=O
3.483,test,CCCCCCCC=O
2.8199999,test,C#CC(C)(O)c1ccccc1
2.5599999,test,COC(=O)c1ccccc1C(=O)OC
2.7579999,test,CCOC(=O)C(CC)C(=O)OCC
4.4000001,test,Cc1ccc(C(=O)c2ccccc2)cc1
4.5,test,O=C(c1ccccc1)c1ccc(Cl)cc1
3.79,test,Oc1ccc2ccccc2c1
5.0999999,test,CC(C)(C)CC(C)(C)c1ccc(O)cc1
3.6400001,test,C=CCc1ccc(OC)cc1
2.3599999,test,CC(=O)C=C(C)C
2.2909999,test,O=C(O)CC(=O)O
2.8599999,test,COc1ccc(O)cc1
5.04,test,c1ccc2c(c1)Oc1ccccc1S2
3.96,test,O=C(c1ccccc1)c1ccccc1F
2.6300001,test,Nc1ccccc1F
3.1900001,test,Oc1ccccc1F
2.9000001,test,Nc1cccc(F)c1
3.3800001,test,Oc1cccc(F)c1
3.04,test,CC(=O)c1cc(F)ccc1O
3.9300001,test,O=[N+]([O-])c1ccc(O)cc1F
3.25,test,Cc1ccc(F)cc1[N+](=O)[O-]
3.154,test,O=Cc1cccc(F)c1
3.1099999,test,Fc1ccc(Br)cc1
2.7060001,test,C#CC(=O)O
3.28,test,Cc1cccc(O)c1O
3.98,test,Oc1c(O)c(Br)c(Br)c(Br)c1Br
3.21,test,CCCC(=O)c1ccccc1
2.3,test,COc1cc(CO)ccc1O
4.3099999,test,CCCCCc1cc(O)cc(O)c1
2.9100001,test,COc1cc(O)cc(OC)c1
3.0739999,test,CCCCC(=O)CCCC
2.6099999,test,Cc1cc(O)cc(O)c1
3.1199999,test,Cc1cccc(O)c1C
3.9300001,test,Cc1cc(O)cc(C)c1C
2.05,test,Cc1ccccc1C(N)=O
3.0109999,test,Cc1ccccc1C=O
3.1800001,test,CC(C)c1ccc(CO)cc1
2.54,test,CCc1ccncc1
3.8499999,test,Oc1ccc(I)cc1
1.215,test,CCCC(N)=O
3.3,test,CCCCI
2.0009999,test,N#CCCCl
3.1700001,test,CCCCCCl
4.04,test,CCCCSCCCC
3.72,test,COc1cccc([N+](=O)[O-])c1
1.12,test,CC(C)C(N)=O
2.6600001,test,C/C=C(\C)C(C)=O
3.8299999,test,O=[N+]([O-])c1cccc([N+](=O)[O-])c1O
4.3099999,test,Cc1ccc2ccccc2c1C
2.78,test,CCc1ccccc1N
4.3499999,test,Oc1cccc(-c2ccccc2)c1
4.4099998,test,O=[N+]([O-])c1cc(O)cc([N+](=O)[O-])c1
3.1800001,test,O=C(O)c1ccc(Br)cc1
2.51,test,Cc1ccc(CO)cc1
3.3499999,test,Brc1ccc(I)cc1
2.066,test,CCCCOC=O
2.6900001,test,C=CCSCC=C
3.3529999,test,CCC(C)(C)N=C=S
2.2909999,test,CC(C)C(C)N
2.8399999,test,CCC(=O)C(C)=O
3.8599999,test,Cc1cc(C)c([N+](=O)[O-])c(C)c1
5.04,test,c1ccc(-c2cccc3ccccc23)cc1
4.8899999,test,O=[N+]([O-])c1cc([N+](=O)[O-])c2ccccc2c1O
3.9000001,test,Nc1c(Br)cccc1Br
3.74,test,O=[N+]([O-])c1ccco1
3.51,test,O=[N+]([O-])c1cccs1
4.23,test,Cc1cc([N+](=O)[O-])c(O)c([N+](=O)[O-])c1
2.1500001,test,COC(=O)c1ccco1
2.944,test,COc1ccc(C=O)c(OC)c1
3.46,test,O=[N+]([O-])c1ccc2ncccc2c1
4.5100002,test,O=C(/C=C/c1ccccc1)c1ccccc1
4.2600002,test,Oc1ccc(O)c(Cl)c1
3.8599999,test,CCCCC(Br)C(=O)OCC
1.188,test,NCC(O)CO
2.29,test,N#Cc1ccco1
3.6400001,test,BrC(Br)c1ccccc1
3.6099999,test,O=[N+]([O-])c1cc(Cl)c(O)c(Cl)c1
2.22,test,NC(=O)c1ccc(O)cc1
2.97,test,Cc1ccc(C=O)o1
3.29,test,N#Cc1ccc(Br)cc1
2.24,test,C/C=C/C(=O)OCC
5.4689999,test,N#CCI
3.6210001,test,CCCCOS(=O)(=O)OCCCC
3.1800001,test,O=Cc1cccc(C=O)c1
3.71,test,Nc1cc(Cl)cc(Cl)c1
2.29,test,Clc1cccnc1
1.834,test,C#CCOC(C)=O
2.5899999,test,CCCCC[N+](=O)[O-]
4.046,test,BrCCCCCCBr
4.3600001,test,CCCCCCCCl
1.505,test,OCCCCCCO
4.96,test,Nc1cc(Cl)c(Cl)c(Cl)c1Cl
4.3000002,test,Nc1cc(Cl)c(Cl)cc1Cl
3.04,test,CCCCCC[N+](=O)[O-]
2.9000001,test,O=C(c1cccs1)C(F)(F)F
2.0699999,test,Cc1cc(C)oc(=O)c1
2.0899999,test,Cc1ncc[nH]1
1.76,test,CCC1CCC(=O)O1
5.23,test,O=Cc1ccc([N+](=O)[O-])o1
2.74,test,Cc1ccc(CCO)cc1
4.3400002,test,Cc1cc(O)c(C)c(C)c1O
3.6170001,test,COc1cc(O)c(C=O)c(OC)c1
3.52,test,N#Cc1ccc(O)cc1
3.26,test,Nc1c(F)c(F)c(F)c(F)c1F
4.1199999,test,Nc1ccc([N+](=O)[O-])c2ccccc12
3.77,test,O=P(c1ccccc1)(c1ccccc1)c1ccccc1
4.9250002,test,BrC/C=C/CBr
2.1589999,test,C=CCCCCO
3.24,test,N#Cc1ccc(N)cc1
3.0999999,test,COc1ccc(C#N)cc1
1.161,test,C#CCCO
3.6270001,test,CCCCCCCC(=O)CC
2.223,test,CCC/C=C\CO
2.223,test,CC/C=C/CCO
2.6500001,test,ClC1CCCC1
5.3699999,test,Oc1cc(Cl)cc(Cl)c1Cl
4.1900001,test,CCCCCC(=O)c1ccccc1
2.8110001,test,CCCCC#CCO
3.0899999,test,Brc1cccs1
2.95,test,O=C1CCC(c2ccccc2)O1
3.47,test,c1ccc(-c2cccnc2)cc1
5.1100001,test,CC(C)(C)c1cc(O)c(O)c(C(C)(C)C)c1
3.49,test,Nc1ccc(Br)cn1
3.013,test,C=CCCCBr
1.8,test,CC1CCCC1=O
4.5599999,test,Oc1ccc(C2CCCCC2)cc1
4.02,test,O=C(c1ccccc1)c1ccc(O)cc1
3.6259999,test,SCCCCCCS
4.191,test,SCCCCCCCCS
2.74,test,N#Cc1ccc(F)cc1
4.6999998,test,Oc1c(O)c(Cl)c(Cl)c(Cl)c1Cl
3.49,test,OCCc1ccc2ccccc2c1
4.29,test,Oc1ccc(C2CCCC2)cc1
2.6240001,test,CC/C=C(\C)C(=O)OC
3.6600001,test,CC/C=C/C=O
1.87,test,Nc1cccc(CO)c1
3.1099999,test,C=CS(=O)(=O)CC
3.1300001,test,O=Cc1ccc(Br)o1
2.79,test,COC(=O)COc1ccccc1
1.368,test,C#CCC(C)O
3.6099999,test,COC(=O)c1ccc(O)cc1O
3.1340001,test,CCCC(C(=O)OCC)C(=O)OCC
3.1159999,test,C=CC(=O)Nc1ccccc1
1.693,test,C=CC(=O)NC(C)C
3.77,test,Nc1ccc(F)c(C(F)(F)F)c1
2.22,test,C=C(C)C(=O)OCCOCC
2.174,test,C#CCN
3.4590001,test,CCCCCCC(=O)Cl
4.1999998,test,CCCCC/C=C/C=O
5.02,test,O=CC#Cc1ccccc1
4.1300001,test,Oc1ccc(F)c(Cl)c1
3.4909999,test,CCCCCCC(Br)C(=O)O
1.6799999,test,CC1=CC(=O)CC1
2.1500001,test,CN(C)C(=S)N(C)C
3.03,test,CCOC(=O)c1cccs1
3.75,test,O=[N+]([O-])c1ccc(O)c(CCl)c1
3.6199999,test,COc1cc(C=O)cc(Br)c1O
3.6099999,test,O=Cc1ccc(O)c([N+](=O)[O-])c1
2.54,test,CC(O)C#CC(C)O
2.6199999,test,N#Cc1ccc(C(N)=O)cc1
2.7190001,test,CCOC(=O)CCCCl
4,test,c1cc(-c2ccsc2)cs1
4.276,test,CC#CCBr
3.99,test,C=CS(C)(=O)=O
3.5999999,test,CCCCCC/C=C/C(=O)O
3.9200001,test,CCCCCc1ccco1
2.79,test,CCCC(=O)C(C)=O
2.0420001,test,NCCCCCCO
3.9860001,test,CCCCCCCC#CCO
2.99,test,Nc1ncccc1[N+](=O)[O-]
3.4100001,test,C=CC(=O)OCCC(C)C
1.78,test,CCCS(=O)CCC
3.6099999,test,CCCCOc1ccc(N)cc1
1.327,test,CC(C)(C)NCCO
2.1199999,test,C=C(C)C(=O)OC(C)C
5.4089999,test,CC(C)(C)OC(=O)CBr
3.1029999,test,CCCCC/C(C)=N/O
1.373,test,CCCC(O)CO
1.9299999,test,Nc1ccccc1CO
2.9200001,test,COC(=O)CCCCBr
2.3900001,test,CCCCOC(=O)CC#N
5.3769999,test,CC(C)(C)C(=O)CBr
4.2199998,test,CCCC/C=C/C=C/C=O
2.3659999,test,N#CCCCCCl
1.2970001,test,CCOCCCN
5.21,test,O=[N+]([O-])c1cc(Cl)c(Cl)cc1[N+](=O)[O-]
2.4200001,test,OC1CCc2ccccc21
3.53,test,O=Cc1cc([N+](=O)[O-])ccc1Cl
3.77,test,CCC/C=C/C=O
3.5899999,test,NC(=O)c1cc(Cl)ccc1O
2.3399999,test,NCCCN1CCN(CCCN)CC1
3.48,test,CCOC(=O)c1cccc(O)c1
5.0300002,test,CCCCCCCOc1ccc(O)cc1
2.872,test,CCC/C=C/C(=O)O
2.6300001,test,C#CCOC(=O)C(=C)C
3.1300001,test,CCCCC(=O)CC(C)=O
2.51,test,C#CCCCCl
3.6199999,test,Cc1ccsc1Br
3.2179999,test,CCOC(=O)CCCCBr
4.921,test,NC(=O)C(Br)CBr
1.4579999,test,CCC(C)O
3.9979999,test,CCC(Br)C(Br)CC
2.71,test,Oc1cccc(Cl)n1
2.6900001,test,CCCCCOC(=O)CC#N
4.5100002,test,O=[N+]([O-])c1ccc(Cl)c(Cl)c1Cl
2.9000001,test,OCc1ccccc1Cl
4.1440001,test,C=CC(=O)OCCC(C)OC(=O)C=C
5.8200002,test,O=[N+]([O-])c1c(Cl)c(Cl)c([N+](=O)[O-])c(Cl)c1Cl
3.194,test,CCCCCC#CCO
3.5120001,test,N#CCCCCCCBr
5.77,test,CCCCc1ccc(N=C=S)cc1
4.9400001,test,CCCCCCCCCCNC(N)=S
3.47,test,Oc1c(F)cccc1F
3.6099999,test,CCC(C)c1ccc(N)cc1
3.96,test,CCCCc1ccsc1
5.3099999,test,CCCOC(=O)CBr
4.3600001,test,COc1ccc([N+](=O)[O-])c(Cl)n1
5.1680002,test,CC(Br)C(=O)C(=O)C(C)Br
4.8860002,test,Cc1cc(C)cc(N=C=S)c1
4.0419998,test,OCCCCCCCCBr
5.3670001,test,CCCCCCCCCCC#CCO
3.51,test,NC(=O)c1cc([N+](=O)[O-])c(N)c([N+](=O)[O-])c1
3.401,test,CCC#CC(O)CC(C)C
3.6170001,test,C#CC(O)CC(C)C
1.5,test,O=S(=O)([O-])c1ccc[n+](Cc2ccccc2)c1
3.97,test,COc1c(F)cc(Br)cc1[N+](=O)[O-]
4.6110001,test,CCCCCCCC/C=C/CO
3.75,test,Nc1cc(F)c(F)cc1[N+](=O)[O-]
4.0900002,test,O=[N+]([O-])c1ccc(CO)cc1[N+](=O)[O-]
3.0799999,test,C=CCC(C)/C=C(/C)C=O
2.8900001,test,CCC(CO)c1ccccc1
2.2820001,test,CC(C)(C)[C@H](N)CO
5.1100001,test,O=[N+]([O-])c1cc(N=C=S)ccc1Cl
2.3299999,training,O=C(O)c1c(Cl)cccc1Cl
2.54,training,O=C(O)c1cc(Cl)ccc1Cl
4.0599999,training,O=[N+]([O-])c1ccc(O)c([N+](=O)[O-])c1
3.27,training,O=C(O)c1cc(Cl)cc(Cl)c1
3.3099999,training,O=C(O)c1ccc(Cl)c(Cl)c1
2.0899999,training,NC(=O)c1ccccc1
2.98,training,ClC(Cl)(Cl)Cl
0.49000001,training,CC(O)CO
2.875,training,O=C1CCO1
4.54,training,CC1=CC(=O)c2ccccc2C1=O
2.4100001,training,OCCc1ccccc1
0.67799997,training,CC(N)=O
1.6799999,training,NC(N)=S
1.0089999,training,CCO
2.302,training,CCOS(=O)(=O)OCC
2.76,training,NC(=O)c1ccccc1O
3.4230001,training,O=Cc1cccc2ccccc12
4.2600002,training,O=Cc1ccc(Oc2ccccc2)cc1
0.33399999,training,CO
1.118,training,CC(C)O
0.796,training,CC(C)=O
0.54799998,training,CS(C)=O
0.80000001,training,CS(C)(=O)=O
2.49,training,O=C(O)c1ccccc1O
5.8239999,training,O=C(CBr)c1ccccc1
4.71,training,O=[N+]([O-])c1ccc(F)c([N+](=O)[O-])c1
1.2539999,training,CCCO
1.97,training,CCCCCO
2.8800001,training,c1ccccc1
3.1099999,training,O=C(O)c1ccc(Cl)cc1
0.72299999,training,CC#N
2.1370001,training,CC(C)N
2.1029999,training,CC(C)(C)N
1.209,training,CC(C)(C)O
3.1129999,training,OCC(Br)(Br)Br
2.1300001,training,CC(C)(C)CO
1.827,training,CCC(C)(C)O
1.558,training,CC(=O)C(C)(C)C
2.7460001,training,CC(C)(C)C(=O)O
1.677,training,C#CC(C)(O)CC
4.4099998,training,C=CS(=O)(=O)C=C
2.7379999,training,CC(C)CN
1.381,training,CC(C)C#N
2.5669999,training,CC(C)C=O
3.6700001,training,C=C(C)C=O
1.2539999,training,CCC(C)=O
0.91000003,training,CCC(N)=O
2.1930001,training,C=CC(N)=O
2.4879999,training,CCC(=O)O
1.405,training,COC(C)=O
2.6670001,training,CC(C)C(=O)O
4.23,training,CCC(C)(C)c1ccc(O)cc1
1.78,training,C=C(C)C(=O)OC
3.3699999,training,Cc1c[nH]c2ccccc12
3.6800001,training,Cc1c(Cl)cccc1[N+](=O)[O-]
3.23,training,CCOC(=O)c1ccccc1C(=O)OCC
4.4400001,training,CC(C)COC(=O)c1ccccc1C(=O)OCC(C)C
4.3000002,training,O=[N+]([O-])c1ccccc1-c1ccccc1
3.6900001,training,N#Cc1cccc2ccccc12
4,training,O=[N+]([O-])c1cccc2ccccc12
3.9100001,training,c1ccc2c(c1)[nH]c1ccccc12
2.9200001,training,O=C(OCCO)c1ccccc1O
2.5699999,training,Cc1cccc(N)c1C
2.5699999,training,Cc1cccc(C)c1N
3.73,training,Oc1c(Cl)cccc1Cl
3.8499999,training,Oc1cccc(O)c1O
5.0700002,training,Oc1c(Cl)c(Cl)c(Cl)c(Cl)c1Cl
5.1100001,training,Oc1c(Cl)c(Cl)c(O)c(Cl)c1Cl
2.95,training,Cc1cc(C)c(N)c(C)c1
4.4099998,training,Oc1c(Cl)cc(Cl)cc1Cl
2.4100001,training,CC(=O)c1cccs1
4.29,training,CC(C)(C)c1ccccc1O
2.53,training,O=C(O)c1ccccc1Br
2.1300001,training,NC(=O)c1ccccc1N
3.6800001,training,O=[N+]([O-])c1ccccc1Cl
3.6700001,training,O=[N+]([O-])c1ccccc1O
4.1300001,training,O=[N+]([O-])c1cc(Cl)ccc1Cl
5.1199999,training,O=[N+]([O-])c1cc(Cl)ccc1O
4.8499999,training,Cc1cc(O)c(C(C)C)cc1Cl
3.3800001,training,O=C(NO)c1ccccc1O
3.25,training,CC(=O)c1ccc(O)cc1O
2.5699999,training,Cc1ccccc1CO
3.1600001,training,CCc1ccccc1O
2.05,training,OCc1ccccc1O
3.4200001,training,O=Cc1ccccc1O
2.3099999,training,COc1ccccc1N
3.74,training,Cc1cccc2ccccc12
3.8099999,training,Clc1cccc2ccccc12
3.75,training,Oc1cccc2ccccc12
4.6500001,training,O=Cc1cc(Br)cc(Br)c1O
4.5500002,training,O=Cc1cc(Cl)cc(Cl)c1O
2.48,training,CN(C)Cc1cc(CN(C)C)c(O)c(CN(C)C)c1
4.2600002,training,O=C(c1ccccc1)c1ccc(Br)cc1
3.5,training,OC(c1ccccc1)c1ccccc1
2.6600001,training,N#Cc1ccccc1C#N
2.8800001,training,c1ccc2ccccc2c1
3.0899999,training,c1ccc2ncccc2c1
4.0799999,training,Cc1ccc2ccccc2c1
3.6600001,training,CCN(CC)c1ccccc1
4.0500002,training,c1ccc(-c2ccccc2)cc1
4.3899999,training,Oc1ccc(-c2ccccc2)cc1
4.4000001,training,c1ccc2nc3ccccc3nc2c1
2.5699999,training,CCC(O)c1ccccc1
2.9300001,training,CCC(=O)c1ccccc1
3.23,training,COC(=O)c1ccccc1
2.99,training,CCOC(=O)c1ccccc1
3.5699999,training,CC(=O)CC(=O)c1ccccc1
4.3499999,training,O=C(Oc1ccccc1)c1ccccc1
4.046,training,C=COC(=O)C(CC)CCCC
3.6800001,training,CCOC(=O)c1ccc(C)cc1
3.7,training,CCOC(=O)c1ccc(N)cc1
4.5500002,training,O=C(OCc1ccccc1)c1ccc(O)cc1
4.3299999,training,CCCCOC(=O)c1ccc(O)cc1
3.77,training,CCOC(=O)c1ccc(OC)cc1
3.25,training,O/N=C/c1ccccc1O
3.5150001,training,O=Cc1ccc(O)cc1O
2.97,training,c1ccc2scnc2c1
2.71,training,Cc1ccccc1O
3.53,training,Clc1ccccc1Cl
2.8299999,training,Nc1ccccc1Cl
2.8399999,training,Cc1ccccc1N
3.3299999,training,Oc1ccccc1Br
3.78,training,Cc1ccc(C)c(C)c1
2.8399999,training,Cc1ccc(N)cc1C
3.1199999,training,Cc1ccc(O)cc1C
4.8600001,training,Cc1cc(O)ccc1O
3.3900001,training,Cc1ccc(N)cc1Cl
4.3699999,training,Nc1ccc(Cl)c(Cl)c1
4.75,training,Oc1ccc(Cl)c(Cl)c1
2.6700001,training,Cc1ccc(C)c(N)c1
2.3399999,training,Cc1ccc(N)cc1N
3.5799999,training,Nc1cc(Cl)ccc1Cl
3.78,training,Nc1cc(Cl)ccc1O
3.1300001,training,Nc1ccc(O)c(N)c1
3.1300001,training,Oc1ccc(Cl)c(O)c1
5,training,Clc1cc(Cl)c(Cl)cc1Cl
5.0999999,training,Oc1cc(Cl)c(Cl)cc1Cl
2.5139999,training,OCC(Br)CBr
2.523,training,CCC(C)CN
3.5699999,training,OC(CBr)CBr
1.544,training,CCC(=O)CC
1.9299999,training,CC/C(C)=N/O
3.55,training,C=CC(=O)OC
3.8859999,training,COC(=O)CCl
1.283,training,O=C1CCCO1
3.72,training,Nc1ccc([N+](=O)[O-])cc1[N+](=O)[O-]
6.0900002,training,Oc1ccc(Cl)cc1Cc1cc(Cl)ccc1O
3.4200001,training,C=CCc1ccc(O)c(OC)c1
3.75,training,C/C=C/c1ccc(O)c(OC)c1
1.729,training,CCOC(=O)C(C)C
2.0699999,training,C=C(C)C(=O)OCC
2.4089999,training,CC(C)COC(=O)C(C)C
2.72,training,C=C(C)C(=O)OCC(C)C
2.9460001,training,CCC(C=O)CC
3.9100001,training,CC(C)(C)c1ccc(O)cc1
3.6900001,training,CC(C)c1ccccc1
2.54,training,CC(=O)c1ccccc1
3.1099999,training,ClC(Cl)c1ccccc1
3.1400001,training,O=[N+]([O-])c1ccccc1
2.1800001,training,CC(=O)c1cccc(N)c1
2.1900001,training,O=C(O)c1cccc(O)c1
3.4200001,training,Cc1cccc([N+](=O)[O-])c1
3.03,training,Nc1cccc([N+](=O)[O-])c1
4.3600001,training,O=[N+]([O-])c1cc(Br)c(O)c(Br)c1
3.5899999,training,Cc1ccc([N+](=O)[O-])cc1C
3.49,training,Cc1cc([N+](=O)[O-])ccc1N
3.52,training,Nc1ccc([N+](=O)[O-])cc1N
3.1099999,training,O=Cc1cccc([N+](=O)[O-])c1
3.76,training,O=[N+]([O-])c1cccc([N+](=O)[O-])c1
3.23,training,COC(=O)c1ccc(C)cc1
3.71,training,CCOC(=O)c1ccc([N+](=O)[O-])cc1
3.22,training,CC(C)c1ccc(N)cc1
4.4200001,training,O=[N+]([O-])c1ccc(O)cc1
2.8699999,training,COc1ccc(C(C)=O)cc1
3.23,training,CN(C)c1ccc(C=O)cc1
5.3099999,training,O=[N+]([O-])c1ccc(CBr)cc1
3.4300001,training,CCc1ccc([N+](=O)[O-])cc1
4.1799998,training,O=[N+]([O-])c1ccc(CCl)cc1
3.54,training,COc1ccc([N+](=O)[O-])cc1
4.3000002,training,O=[N+]([O-])c1ccc([N+](=O)[O-])cc1
1.505,training,CCN(CC)CCO
3.638,training,BrCc1ccccc1
2.76,training,NCc1ccccc1
2.1800001,training,N#Cc1ccncc1
2.8,training,O=Cc1ccccc1
2.26,training,N#Cc1cccnc1
3.0599999,training,CNc1ccccc1
3.1800001,training,CSc1ccccc1
2.1700001,training,N#Cc1ccccn1
2.1300001,training,CCc1ccccn1
1.21,training,CC1(C)OCC(CO)O1
3.0799999,training,O=Cc1cccc(O)c1
2.5899999,training,CC(C)(O)Cc1ccccc1
3.3800001,training,c1ccc(Cc2ccccn2)cc1
2.6099999,training,N=C(N)NC(=N)Nc1ccccc1
1.251,training,OCCN(CCO)CCO
2.9300001,training,CC(C)(O)CCc1ccccc1
3.99,training,CCOC(=O)/C=C/c1ccccc1
3.5899999,training,CC(=O)OC/C=C/c1ccccc1
3.0699999,training,CCNc1ccccc1
4.4099998,training,S=C=Nc1ccccc1
3.1199999,training,CN(C)Cc1ccccc1
2.1800001,training,CC(=O)Nc1ccc(O)cc1
5.4699998,training,CCCCCCCCCc1ccc(O)cc1
2.6199999,training,CCCCC1CCC(=O)O1
4.25,training,CCCCc1ccccc1
3.5,training,ClCCCc1ccccc1
2.9200001,training,OC/C=C/c1ccccc1
3.0139999,training,CCCCCC1CCC(=O)O1
3.1670001,training,CCCCC(CC)CO
2.99,training,Cc1ccc(CN)cc1
2.9000001,training,Cc1ccc(C#N)cc1
3.1600001,training,NCc1ccc(Cl)cc1
2.9430001,training,Cc1ccc(C=O)cc1
3.4000001,training,O=Cc1ccc(Cl)cc1
2.8199999,training,CCc1ccc(C)nc1
3.6500001,training,O=Nc1ccc(O)cc1
3.04,training,N#Cc1ccc(C=O)cc1
3.6570001,training,C#CC(O)CCC
1.66,training,COC(=O)CC#N
5.678,training,CCOC(=O)CBr
2.3469999,training,C=COC(=O)CC
4.0560002,training,CCOC(=O)CCl
2.767,training,CCC(C)CC(=O)O
2.3210001,training,CCC(C)OC(C)=O
2.003,training,CCOC(=O)CC(=O)OCC
1.77,training,CCOC(=O)CC#N
1.166,training,CN(CCO)CCO
2.586,training,CCCOC(=O)CCC
3.1400001,training,Cc1ccc(O)c(C)c1
4.4899998,training,CCCCOC(=O)/C=C/C(=O)OCCCC
3.7920001,training,CCCCOC(=O)CCCCC(=O)OCCCC
2.1849999,training,CCCOC(=O)CC
3.6800001,training,Brc1ccc(Br)cc1
3.47,training,Cc1ccc(Br)cc1
4.0100002,training,Nc1ccc(Br)cc1
3.6800001,training,Oc1ccc(Br)cc1
3.25,training,Cc1ccc(C)cc1
2.8399999,training,Cc1ccc(O)cc1
2.95,training,Cc1ccc(N)cc1
3.29,training,C=CC(=O)OCC(C)C
2.4389999,training,CCCCCC(=O)OC
3.1040001,training,CCCCCCC(=O)OC
4.0110002,training,COC(=O)CCCCCCCCC(=O)OC
3.569,training,C=CCBr
4.8899999,training,C=CC=O
2.0599999,training,C=CCCl
1.5829999,training,OCCCl
2.6099999,training,CCCI
1.028,training,CCC#N
3.845,training,N#CCCl
1.082,training,C=CCO
1.926,training,C#CCO
1.39,training,C/C=N/O
1.502,training,COC=O
1.0470001,training,CC(O)CC(C)(C)O
3.8540001,training,CC(C)(C)OC(=O)CCl
3.25,training,CC(C)CCBr
2.4230001,training,CC(C)CCN
3.0899999,training,CC(C)=CC=O
1.778,training,CCCC(C)=O
0.699,training,CC(O)CCO
2.428,training,CCCC(=O)O
2.4549999,training,C/C=C/C(=O)O
2.668,training,O=C(O)CCCl
2.01,training,CCC[N+](=O)[O-]
2.141,training,C=COC(C)=O
1.7920001,training,CC(=O)CC(C)C
1.41,training,CC(=O)OC(C)C
2.5109999,training,C=C(C)OC(C)=O
1.431,training,CC1CCC(=O)O1
2.9200001,training,Cc1cccc(O)c1
3.8699999,training,Oc1cccc(Cl)c1
2.72,training,Cc1cccc(N)c1
2.3499999,training,Oc1cccc(O)c1
2.3499999,training,Cc1ccnc(C)c1
2.1900001,training,Cc1cccc(C)n1
1.7130001,training,COC(=O)CC(=O)OC
2.6400001,training,Cc1cc(C)cc(N)c1
3.8699999,training,Clc1cc(Cl)cc(Cl)c1
1.74,training,Oc1cc(O)cc(O)c1
3.25,training,Cc1ccccc1
2.8699999,training,Clc1ccccc1
2.234,training,OC1CCCCC1
1.767,training,O=C1CCCCC1
2.6500001,training,Oc1ccccc1
4.6599998,training,Sc1ccccc1
2.46,training,Brc1ccccn1
1.99,training,Cc1ccccn1
1.91,training,Cc1cnccn1
2.1600001,training,Clc1ccccn1
3.516,training,CCCCOC(=O)CCC
3.8599999,training,CCCCNC(=S)NCCCC
1.86,training,C=CCCC(C)=O
3.5109999,training,CCC#CC(C)O
2.733,training,CCCCC(=O)O
1.762,training,CCCOC(C)=O
2.0899999,training,CCCCCl
1.559,training,CCCC#N
1.521,training,C=CCC#N
3.22,training,N#CCC#N
1.1799999,training,CNCCO
1.21,training,COCCN
1.35,training,c1ccoc1
1.5599999,training,c1ccsc1
1.597,training,CC(=O)CCC(C)=O
2.0610001,training,O=C(O)CCC(=O)O
2.4849999,training,C=CC(=O)NCNC(=O)C=C
4.3540001,training,CCOC(=O)CCCCCCCCC(=O)OCC
4.3779998,training,CCCCCCCCCC(=O)OC
3.484,training,CCCCCBr
3.72,training,CCCCCC
3.77,training,ClC/C=C/CCl
2.5150001,training,CCCCCN
1.993,training,CCCCC#N
2.9779999,training,CCCCC=O
0.764,training,OCCCCO
1.1160001,training,OCC#CCO
2.322,training,CCCCNC
1.978,training,CCCOC=O
1.6799999,training,c1ccncc1
2.3610001,training,O=C(O)CCCC(=O)O
2.855,training,CCCCCCC(C)=O
2.8870001,training,CCCCCCC(=O)O
2.4159999,training,O=C(O)CCCCCC(=O)O
3.937,training,CCCCCCBr
2.78,training,CCCCCCN
2.6210001,training,CCCCCCO
1.066,training,OCCCCCO
1.206,training,OCCNCCO
3.211,training,CCCCCCCN
1.462,training,N#CCCCCC#N
3.105,training,CCCCCCCO
2.9979999,training,CCCCCCC=O
4.3200002,training,CCCCCCC#CC(=O)OC
4.8699999,training,CCCCCCCCBr
3.6700001,training,CCCCCCCCCl
3.3510001,training,CCCCCCCCN
3.5829999,training,CCCCCCCCO
3.3510001,training,CCCCCCCCC(=O)O
4.5349998,training,CCCCCCCCCC(C)=O
4.0570002,training,CCCCCCCCOC(C)=O
4.8800001,training,CCCCCCCCCCOC(C)=O
4.7010002,training,CCCCCCCCCN
4.9549999,training,CCCCCCCCCCCO
4.6900001,training,CCCCCCCCCCC=O
3.224,training,OCCCCCCCCCCO
1.6109999,training,C=CC(C)(C)O
1.689,training,C#CC(C)(C)O
2.5350001,training,OCC(Cl)(Cl)Cl
4.8099999,training,O=P(Oc1ccccc1)(Oc1ccccc1)Oc1ccccc1
4.8200002,training,O=[N+]([O-])c1c(Cl)c(Cl)cc(Cl)c1Cl
6.3600001,training,O=C1C(Cl)=C(Cl)C(=O)c2ccccc21
4.23,training,O=C(c1ccccc1)c1ccccc1O
4.9099998,training,Oc1c(Br)cc(Br)cc1Br
2.55,training,O=C(O)c1ccccc1Cl
3.5699999,training,Cc1ccc(O)c([N+](=O)[O-])c1
2.96,training,C/C(=N\O)C(=O)c1ccccc1
3.8699999,training,O=C(c1ccccc1)c1ccccc1
3.5699999,training,CCOC(=O)c1ccc(O)cc1
4.4499998,training,O=C(OCc1ccccc1)c1ccccc1
3.75,training,Oc1ccccc1O
3.8699999,training,Cc1ccc([N+](=O)[O-])cc1[N+](=O)[O-]
3.8499999,training,O=[N+]([O-])c1cc(C(F)(F)F)ccc1Cl
3.02,training,CCOc1cc(C=O)ccc1O
2.97,training,COc1cc(C=O)ccc1O
3.28,training,CN(C)c1ccccc1
3.73,training,O=[N+]([O-])c1cccc(Cl)c1
3.3199999,training,CC(=O)c1cccc([N+](=O)[O-])c1
3.6700001,training,CC(C)c1ccc(C=O)cc1
3.8699999,training,O=CCc1ccccc1
2.79,training,OCCCc1ccccc1
2.9530001,training,COc1ccc(C=O)cc1
2.526,training,CCCC(C)C=O
2.3310001,training,CCCC(=O)CCC
2.618,training,C=COC(=O)CCC
2.9200001,training,Nc1ccc(O)cc1
3.47,training,Oc1ccc(O)cc1
2.5150001,training,CCC=O
1.964,training,CC(C)CCO
3.0639999,training,CCCCCC(=O)OCC
3.2130001,training,C=CCOC(=O)CCCCC
2.6199999,training,CCCC=O
4.0599999,training,C/C=C/C=O
2.5139999,training,CCCCOC(C)=O
3,training,CCCCCCC(C)O
2.3940001,training,O=C(O)CCCCC(=O)O
3.0810001,training,CCCCCCCC(=O)O
3.283,training,CCCCCCCC#N
3.8080001,training,CCCCCCCCC=O
1.069,training,CC(C)(N)CO
1.508,training,CC(O)CCl
1.752,training,CC(C)=NO
1.051,training,CC(=O)N(C)C
4.79,training,Cc1cc(C(C)(C)C)c(O)c(C(C)(C)C)c1
5,training,O=C1C=CC(=O)c2ccccc21
3.98,training,CCCOC(=O)c1ccccc1C(=O)OCCC
3.96,training,O=C(c1ccc(O)cc1O)c1ccc(O)cc1O
4.3699999,training,O=C(c1ccccc1)c1ccc(O)cc1O
4.4200001,training,COc1ccc(C(=O)c2ccccc2)c(O)c1
4.3699999,training,Cc1ccccc1C(=O)c1ccccc1
4.4200001,training,c1ccc2c(c1)oc1ccccc12
3.5569999,training,CCCCC(C(=O)OCC)C(=O)OCC
4.4099998,training,Nc1ccc(C(=O)Oc2ccccc2)c(O)c1
3.1700001,training,COc1cc(C=O)cc(OC)c1O
3.9200001,training,CCCCOC(=O)c1ccccc1
4.8000002,training,CCCCCCc1ccc(O)cc1O
3.97,training,Oc1cc(O)c(Cl)cc1Cl
2.0469999,training,CCC(C)CO
3.1070001,training,O=Cc1ccc(O)c(O)c1
4.0999999,training,CC(C)CC(=O)OCCc1ccccc1
2.6400001,training,N#CCc1ccccc1
2.21,training,NCCN1CCNCC1
3.52,training,C=CC(=O)OCC
3.5120001,training,CCCCOC(=O)CCC(=O)OCCCC
3.0090001,training,CCCCC(=O)OCCC
2.8740001,training,CCOC(=O)CCCCC(=O)OCC
3.52,training,C=CC(=O)OCCCC
1.115,training,NCCO
1.7029999,training,CCOC(C)=O
4.0900002,training,C=C(C)C(=O)OCCCCCC
3.7279999,training,C=CCOC(=O)CCCCCC
1.415,training,CC(C)(O)C#CC(C)(C)O
3.3399999,training,CCCCCC(=O)Cl
2.7920001,training,CCCCCC(=O)O
2.9909999,training,CCCCCCOC(C)=O
4.8540001,training,NC(=O)CI
3.3770001,training,COc1cccc(C=O)c1O
3.076,training,CCCCC(CC)C(=O)O
2.6700001,training,COc1cccc(O)c1
1.5,training,O=C(O)Cc1ccc(O)cc1
3.1400001,training,NCCc1ccc(Cl)cc1
1.308,training,NCCCO
4.3099999,training,c1ccc2c(c1)ccc1cccnc12
4.0700002,training,c1cnc2c(c1)ccc1ncccc12
2.6600001,training,c1ccc2cnncc2c1
2.71,training,c1ccc2ncncc2c1
4.4000001,training,c1ccc2nc3ccccc3cc2c1
1.29,training,c1cn[nH]c1
2,training,c1c[nH]cn1
1.59,training,c1ccnnc1
1.1799999,training,c1cnccn1
3.1900001,training,C=CCc1ccccc1
4.8099999,training,O=[N+]([O-])c1cc(I)c(O)c(I)c1
4.8699999,training,O=[N+]([O-])c1c(F)cc(F)c(F)c1F
4.6199999,training,O=[N+]([O-])c1cc(Br)cc(F)c1O
2.5999999,training,O=C(O)c1cc(Cl)ccc1O
3.3900001,training,Fc1cccc2ccccc12
3.53,training,Fc1ccc(-c2ccccc2)cc1
5.0799999,training,O=[N+]([O-])c1cc([N+](=O)[O-])c(F)cc1F
3.506,training,CCCCCCCCCC(=O)O
3.8,training,O=[N+]([O-])c1ccc(F)c(Cl)c1
3.0999999,training,O=[N+]([O-])c1ccc(F)cc1
2.02,training,CCSCC
3.5999999,training,Oc1ccc(F)cc1F
4.6900001,training,Nc1cc(F)c([N+](=O)[O-])cc1[N+](=O)[O-]
3.5899999,training,Nc1ccc(F)cc1
3.02,training,Oc1ccc(F)cc1
1.8,training,Fc1ccccn1
3.8,training,Oc1c(Cl)cc(F)cc1Cl
2.98,training,Nc1ccc(F)cc1C(F)(F)F
4.3800001,training,O=[N+]([O-])c1cc(F)ccc1O
3.6199999,training,Oc1ccc(C(F)(F)F)cc1
3.2,training,O=[N+]([O-])c1cccc(F)c1
4.0700002,training,O=[N+]([O-])c1ccc(O)c(F)c1
2.77,training,CC(=O)C(C)=O
2.99,training,O=C(c1ccccc1)C(F)(F)F
2.8,training,OCc1c(F)c(F)c(F)c(F)c1F
4.1199999,training,O=[N+]([O-])c1ccc(F)cc1O
2.3299999,training,OCc1ccccc1F
3.079,training,O=Cc1ccccc1F
3.01,training,CCOC(=O)c1ccc(F)cc1
3.3699999,training,Cc1ccc(O)c(O)c1
2.6099999,training,OCc1cccc(F)c1
2.8729999,training,O=Cc1ccc(F)cc1
4.5209999,training,CCCCCCC(=O)CCCCCC
5.8299999,training,O=C1C=CC(=O)c2c(O)ccc(O)c21
6.3299999,training,O=C1C=CC(=O)c2c(O)cccc21
5.1999998,training,CC1=CC(=O)c2c(O)cccc2C1=O
3.128,training,O=Cc1c(O)cc(O)cc1O
3.3800001,training,O=C(NO)c1ccccc1
2.8599999,training,C/C=C(/C)C=O
2.8800001,training,COc1cc(C(C)=O)ccc1O
3,training,O=Cc1ccoc1
3.4000001,training,O=Cc1ccsc1
2.8699999,training,O=Cc1cccnc1
2.1700001,training,OCCc1ccc(O)cc1
2.6589999,training,CC(C)CC(=O)O
2.0710001,training,O=C1CCCC(=O)C1
2.8900001,training,C1CSCCS1
2.4879999,training,O=C(O)CCCCCCC(=O)O
1.1799999,training,COP(=O)(OC)OC
1.337,training,C=C(C)CO
3.641,training,CC(=O)C(Cl)Cl
6.1999998,training,O=C1C=Cc2ccccc2C1=O
4.4099998,training,O=c1cc(-c2ccccc2)oc2ccccc12
4.2800002,training,Cc1c(C)c(O)c(C)c(C)c1O
3.4200001,training,Cc1cc(C)c(O)c(C)c1
4.25,training,O=[N+]([O-])c1ccccc1[N+](=O)[O-]
2.76,training,Cc1ccccc1C#N
3.7639999,training,CCOC(=O)C(Br)CC
1.324,training,NC(CO)CO
1.89,training,CNC(=S)NC
4.73,training,Cc1cc([N+](=O)[O-])cc([N+](=O)[O-])c1O
4.0570002,training,CCOC(=O)C(C)Br
2.569,training,CCOC(=O)C(C)Cl
2.8699999,training,O=C(O)c1cccc(Cl)c1
2.8599999,training,C#Cc1ccccc1
4.5300002,training,CCCCOC(=O)/C=C/c1ccccc1
4.79,training,CCCCCc1ccccc1
3.1259999,training,CCOC(=O)CCBr
2.642,training,CCCCC(=O)OCC
1.6,training,CCOC(=O)CCC(C)=O
2.3069999,training,CCC(=O)OCC(C)C
2.154,training,OCCBr
1.51,training,CC(=O)OC(C)(C)C
1.34,training,CC(C)CC(N)=O
2.214,training,CC(C)CCC#N
1.692,training,CC(C)COC=O
2.53,training,CCCCCC(C)O
1.363,training,N#CCCCC#N
5.1370001,training,S=C=Nc1cccc2ccccc12
3.55,training,COc1ccc(C(C)=O)c(O)c1
3.1700001,training,O=Cc1ccccc1[N+](=O)[O-]
1.391,training,CCC(=O)OC
3.51,training,O=[N+]([O-])c1cccc(O)c1
3.2,training,O=Cc1ccc([N+](=O)[O-])cc1
3.796,training,C=CCI
1.761,training,CC(C)=CCO
4.3400002,training,CC/C=C\CC/C=C/C=O
4.638,training,O=[N+]([O-])CBr
1.831,training,CC(=O)C(C)C
2.973,training,C#CC(O)C(C)C
2.451,training,CC(C)C(Br)C(=O)O
4.4299998,training,Cc1ccc(C)c2ccccc12
4.2800002,training,Oc1cccc(Cl)c1Cl
2.9200001,training,Cc1cccc(C)c1O
5.5700002,training,Cc1c(O)c(Br)c(Br)c(Br)c1Br
3.75,training,O=[N+]([O-])c1ccccc1Br
3.27,training,O=[N+]([O-])c1ccc(O)cc1[N+](=O)[O-]
3.3099999,training,CCc1cccc(CC)c1N
2.72,training,CC(CN)c1ccccc1
3.0799999,training,O=C(CO)c1ccccc1
2.5,training,Cc1ccncc1C
2.1900001,training,CC1CCCCC1=O
4.6799998,training,Oc1ccc(O)c(Br)c1
4.1300001,training,Oc1cc(Cl)ccc1Cl
1.756,training,CCC(O)CC
5.3099999,training,O=[N+]([O-])c1ccc(Br)c([N+](=O)[O-])c1
2.9579999,training,CCCC(Br)C(=O)O
3.74,training,CC(C)(C)c1cccc(O)c1
2.3310001,training,CC(Br)c1ccccc1
4.0300002,training,O=[N+]([O-])c1cccc(Br)c1
3.8499999,training,CC(C)c1ccc(Br)cc1
3.3800001,training,O=[N+]([O-])c1ccc(Br)cc1
2.97,training,CCc1cccc(N)c1
2.76,training,Cc1cccc(CO)c1
3.4059999,training,O=Cc1cccc(Cl)c1
2.5899999,training,CNCCc1ccccc1
3.03,training,CCc1ccc(N)cc1
2.6600001,training,C/C=C/C(=O)OCC(C)C
2.51,training,CCCCC(O)CC
2.9400001,training,CCCCCC(O)CC
3.1700001,training,CCCCOC(=O)CC
5.2290001,training,N#CCBr
2.6700001,training,CC(C)CC=O
2.9560001,training,O=C(O)CCBr
4.1500001,training,Oc1cccc(Br)c1
2.48,training,Nc1cccc(O)c1
3.23,training,COc1cccc(C=O)c1
4.5599999,training,Oc1cc(Cl)cc(Cl)c1
3.3599999,training,Ic1ccccc1
1.6569999,training,CCCCC(C)=O
3.48,training,C=CCOC(C)=O
2.0339999,training,CCCCOC(N)=O
4.7210002,training,CCCCN=C=S
2.302,training,CCC(C)(C)N
2.7119999,training,NC(=O)C(Cl)(Cl)Cl
1.16,training,CCS(=O)(=O)CC
2.744,training,CCCCS(=O)(=O)CCCC
1.947,training,C=CC(C)O
2.01,training,OCC(Cl)Cl
1.63,training,CNC(N)=S
1.025,training,COC(N)=O
2.092,training,CCN(C)C
2.0039999,training,CC(C)C(C)O
1.72,training,COC(=O)C(C)(C)C
2.21,training,CCS(=O)(=O)c1ccccc1
3.152,training,CCOC(=O)C(C)(C)Br
2.2950001,training,CC(C)C(O)C(C)C
3.6600001,training,O=[N+]([O-])c1c(O)cccc1O
4.3600001,training,O=[N+]([O-])c1ccc2ccccc2c1O
3.0799999,training,O=[N+]([O-])c1cccc2cccnc12
4.4099998,training,Cc1c(O)ccc(O)c1C
5.6599998,training,Oc1c(Br)c(Br)c(Br)c(Br)c1Br
2.4890001,training,CCOC(=O)C(C)C(=O)OCC
4.4380002,training,CCOC(=O)C(Br)C(C)Br
3.0209999,training,CCOC(=O)C(Br)C(C)C
1.5599999,training,NC(=O)c1ccco1
4.75,training,O=[N+]([O-])c1cc(Cl)cc(Cl)c1O
2.28,training,NC(=O)c1ccccc1[N+](=O)[O-]
4.52,training,Cc1ccc([N+](=O)[O-])c([N+](=O)[O-])c1
2.6900001,training,O=C(O)c1cc(Br)ccc1Br
4.27,training,O=[N+]([O-])c1cc(O)ccc1Cl
4.0799999,training,N#Cc1ccccc1[N+](=O)[O-]
2.8499999,training,O=[N+]([O-])c1ccccc1CO
5.9590001,training,O=C(CBr)c1ccc2ccccc2c1
3.3099999,training,N#CC(=O)c1ccccc1
3.29,training,CCN(C)c1ccccc1
3.3499999,training,Nc1ccccc1I
4.4000001,training,Oc1ccc(Br)cc1Br
3.1800001,training,Cc1ccc(N)c(Cl)c1
3.54,training,Cc1ccc(Cl)c(O)c1
3.6989999,training,CCCC(Br)C(=O)OCC
3.4549999,training,CCCCC(Br)C(=O)O
2.187,training,CCC(N)CC
1.653,training,C=CC(O)CC
1.573,training,NCC(O)CN
2.244,training,CCN(C)CC
2.3,training,Cc1ccsc1
3.76,training,CCOc1ccc(N)c([N+](=O)[O-])c1
2.4300001,training,CC(C)(O)c1ccccc1
3.6099999,training,CC(C)c1cccc(O)c1
3.46,training,O=C(O)c1cc(Br)cc(Br)c1
4.1300001,training,O=[N+]([O-])c1cc(Cl)cc(Cl)c1
3.9400001,training,Nc1cc([N+](=O)[O-])cc([N+](=O)[O-])c1
4.1799998,training,O=[N+]([O-])c1ccc(O)c(Cl)c1
2.78,training,O=[N+]([O-])c1cccc(CO)c1
3.5999999,training,COC(=O)c1ccc(Br)cc1
3.1199999,training,O=[N+]([O-])c1ccc(CO)cc1
3.1800001,training,NC(=O)c1ccc([N+](=O)[O-])cc1
3.29,training,CCc1cccc(O)c1
2.75,training,Cc1cccc(C#N)c1
3.0810001,training,Cc1cccc(C=O)c1
1.98,training,OCc1cccc(O)c1
4.5799999,training,O=[N+]([O-])c1ccc(Oc2ccccc2)cc1
3.6800001,training,c1ccc(Cc2cccnc2)cc1
2.8399999,training,CC(=O)Nc1cccc(O)c1
2.8599999,training,COc1ccc(C=O)cc1O
3.6600001,training,NC(=S)NCc1ccccc1
2.27,training,NC(=O)COc1ccccc1
3.1700001,training,ClCCc1ccccc1
2.8900001,training,O/N=C\c1ccccc1
3.3,training,CCSc1ccccc1
2.6099999,training,NC(=O)Oc1ccccc1
3.01,training,CCOc1ccc(O)cc1
5.7399998,training,S=C=NCc1ccccc1
3,training,N#Cc1ccc(Cl)cc1
3.5999999,training,COc1ccc(Cl)cc1
2.914,training,O=Cc1ccc(C=O)cc1
2.98,training,CC/C=C(\C)C=O
2.1500001,training,CCCC(O)CC
1.7539999,training,CCCC(=O)OC
2.0799999,training,C/C=C/C(=O)OC
4.6999998,training,C#CC(=O)OCC
5.921,training,CCOC(=O)CI
2.5020001,training,CCOC(=O)CCCl
2.01,training,CCOS(=O)OCC
3.086,training,CCCOS(=O)OCCC
4.1459999,training,CCCCC(Br)CBr
2.155,training,CCCCC(=O)OC
3.3599999,training,CCCCCCC(O)CC
2.957,training,CCCCCOC(=O)CC
2.1289999,training,NNC=O
2.263,training,CC(C)(C)CCO
2.1240001,training,CC(C)CC#N
2.3150001,training,CCCC(C)N
1.483,training,C=CCC(C)O
3.54,training,C/C=C/C(C)=O
2.358,training,C=CCC(=O)O
1.299,training,CCNC(C)=O
1.87,training,CCNC(N)=S
2.52,training,Cc1ccc(C)o1
4.1199999,training,Oc1cccc(I)c1
2.3629999,training,CC(C)CCCO
2.0699999,training,CCCCC(C)O
2.323,training,O=C(O)CCCCl
2.3099999,training,CCCC[N+](=O)[O-]
2.0669999,training,OCCCBr
1.3049999,training,C=CCCO
1.601,training,OCCCCl
2.191,training,CCCNC
2.092,training,CCCCCC(N)=O
2.1300001,training,C/C=C/COC(C)=O
2.0699999,training,N#CCCCCl
4.6929998,training,CCCN=C=S
3.1630001,training,CCCCCOC(C)=O
2.6240001,training,CCCCCC#N
4.487,training,CCCCCCCBr
2.763,training,CCCCCCC#N
4.7059999,training,CCCCCN=C=S
2.618,training,CCCCCCOC=O
2.23,training,N#CCCCCCCC#N
1.675,training,CC(C)(C)C#N
5.1370001,training,CCOC(=O)C(Br)(Br)C(=O)OCC
4.3499999,training,Nc1ccc(Cl)c(Cl)c1Cl
4.0089998,training,O=Cc1cc(Cl)ccc1O
2.99,training,CC(=S)Nc1ccccc1
3.6900001,training,BrCCCc1ccccc1
1.332,training,O=C1CCC(=O)CC1
2.52,training,CCOC(=O)C=C(C)C
2.655,training,CCCCC(=O)Cl
2.217,training,CCCCCOC=O
3.1199999,training,CC(C)c1ccccc1N
4.6599998,training,Cc1ccc(-c2ccccc2)cc1
2.8099999,training,NC(=O)c1cccc([N+](=O)[O-])c1
3.6400001,training,CCCc1ccc(O)cc1
2.8399999,training,N#CCCc1ccccc1
3.8199999,training,O=Cc1c(F)c(F)c(F)c(F)c1F
3.1900001,training,CC#Cc1ccccc1
4.5229998,training,NC(=O)CBr
2.023,training,NC(=O)C(Cl)Cl
5.2150002,training,CCOC(=O)C(Br)C(=O)OCC
1.4579999,training,CCN(CC)C(C)=O
4.5700002,training,C=C(C)C(=O)OCC(CC)CCCC
2.914,training,O=C(O)CCCCCCCCCCC(=O)O
3.582,training,CCCCCCCCC(C)=O
4.0900002,training,CCCCCOCCCCC
3.3599999,training,Cc1cc(C)c(C)c(O)c1
5.04,training,O=[N+]([O-])/C=C/c1ccco1
3.5899999,training,Cc1ccc([N+](=O)[O-])c(O)c1
3.27,training,O=Cc1ccc([N+](=O)[O-])c(O)c1
3.1600001,training,CCCC(O)Cc1ccccc1
2.9230001,training,CCCCCC1CCCC(=O)O1
3.493,training,CCCCCCC1CCC(=O)O1
4.3200002,training,O=Cc1c(O)ccc2ccccc12
5.1199999,training,O=[N+]([O-])c1ccc(I)c([N+](=O)[O-])c1
3.3599999,training,CC(C)(C)c1cc(C(C)(C)C)c(O)c(C(C)(C)C)c1
1.5190001,training,CC(C)(C)C(N)=O
1.426,training,CCC(=O)N(C)C
1.628,training,CC(C)(C)OC=O
1.842,training,CC(=O)NC(C)(C)C
1.8200001,training,C=C(C)CCO
2.132,training,CC#CCO
2.6159999,training,CCCC#CCO
3.6500001,training,Cc1ccc(Br)s1
3.22,training,COc1ccccc1Cl
2.9400001,training,N#Cc1cccc(Cl)c1
3.0699999,training,CCc1ccc(CO)cc1
2.9200001,training,OC12CC3CC(CC(C3)C1)C2
2.3,training,Cc1cc(C)c(C#N)c(=O)[nH]1
3.0799999,training,C=COC(=O)c1ccccc1
3.3599999,training,CC(C)(C)c1ccc(N)cc1
4.6300001,training,Oc1c(F)c(F)c(F)c(F)c1F
4.8400002,training,Oc1c(F)c(F)c(O)c(F)c1F
4.8899999,training,O=[N+]([O-])c1ccc(F)c(F)c1F
3.27,training,OCCc1cccc2ccccc12
4.8540001,training,CC(=O)C(C)Br
5.6020002,training,CCC(=O)CBr
2.7,training,C=COC(=O)CCCCCCC
3.6900001,training,C=CC(=O)OCCO
1.785,training,C=CCCCO
3.6600001,training,CCCCCCCC(C)=O
5.1999998,training,COc1cc(O)ccc1O
4.8099999,training,Oc1cc(Cl)c(O)cc1Cl
4.6199999,training,Nc1c(Br)cc(Br)cc1[N+](=O)[O-]
4.2399998,training,C=Cc1ccc2ccccc2c1
4.3600001,training,Oc1ccc(Oc2ccccc2)cc1
4.1599998,training,O=C(c1ccccc1O)c1ccccc1O
4.8899999,training,O=[N+]([O-])c1ccc(Nc2ccccc2)cc1
4.48,training,O=C1C=C(c2ccccc2)C(=O)C=C1c1ccccc1
1.92,training,C=C(C)C(=O)OCCO
2.96,training,Brc1ccsc1
2.5699999,training,CCc1cccs1
2.9400001,training,N#Cc1cccc(O)c1
3.1500001,training,OCc1cccc(Cl)c1
3.25,training,OCc1ccc(Cl)cc1
4.52,training,Nc1c(Br)cc(Cl)cc1Br
4.04,training,O=Cc1ccc(Cl)cc1Cl
3.8599999,training,CCCSc1ccccc1
3.1900001,training,CC(=O)c1ccc(O)cc1C
3.8399999,training,Cc1cc2ccccc2n1C
3.6800001,training,Cc1ccc2nc(C)ccc2c1
3.48,training,CC(C)(C)c1ccc(CO)cc1
4.7800002,training,O=[N+]([O-])c1cc(Cl)c(Cl)c(Cl)c1Cl
5.4299998,training,O=[N+]([O-])c1c(F)c(F)c(F)c(F)c1F
4.04,training,Cc1ccc2ccccc2c1[N+](=O)[O-]
3.9100001,training,C=C(C=O)CC
4.77,training,C#CC(=O)OC
3.25,training,C=CCC(O)C=C
3.53,training,C=CC(=O)OCCC
2.3099999,training,CCCNC(N)=S
2.2409999,training,OCCCCCl
1.705,training,C#CCCCCO
2.2460001,training,C/C=C/CCCO
2.5280001,training,CCC/C=C/CO
2.191,training,CC/C=C\CCO
3.6400001,training,O=C1C=CCC1
2.3099999,training,CC(=O)c1cccn1C
2,training,CC(=O)c1ccn(C)c1
3.1800001,training,NNC(=O)c1ccccc1O
2.52,training,NNC(=O)Cc1ccccc1
4.71,training,N#Cc1ccc(Cl)c([N+](=O)[O-])c1
3.6800001,training,C=CCOC(=O)C=C
3.6500001,training,C=CC(=O)OCC(C)O
1.976,training,CCC#CCCO
2.52,training,O=Cc1ccc[nH]1
2.24,training,N#Cc1cccs1
2.79,training,CCC(=O)Cc1ccccc1
3.27,training,c1ccc(-c2ccccn2)cc1
3.5599999,training,CCCCC(=O)c1ccccc1
4.5500002,training,O=C(c1ccccc1)c1cccc(Cl)c1
1.62,training,CC(=O)NN
1.796,training,CCOC(=O)C(NC(C)=O)C(=O)OCC
4.0700002,training,C=C(C=O)CCCC
1.626,training,NNC(=O)CCCCC(=O)NN
2.1500001,training,CC(=O)c1cc[nH]c1
2.0899999,training,CC(=O)c1ccc[nH]1
5.0100002,training,Oc1ccc(O)c(-c2ccccc2)c1
2.5699999,training,CCOP(=O)(Cc1ccccc1)OCC
1.832,training,COC(=O)CCCC(=O)OC
3.7,training,CCC/C=C/C(C)=O
2.714,training,O=C(O)CCCCCl
3.7639999,training,CCCCCCCCC(O)CO
3.99,training,CCCCCCCCC(C)O
2.1700001,training,CC1=CCCC1=O
2.8599999,training,O=Cc1ccccn1
2.1300001,training,CC(=O)c1ccncc1
3.4100001,training,O=[N+]([O-])c1ccncc1
3.5869999,training,O=Cc1ccc(Br)cc1
3.4200001,training,COC(=O)c1ccc(Cl)cc1
3.8900001,training,CCc1cccc2ccccc12
2.95,training,COC(=O)c1ccc(C#N)cc1
3.6800001,training,Nc1ccc(C(=O)c2ccccc2)cc1
4.6399999,training,CC(C)(C)c1cc(O)cc(C(C)(C)C)c1
3.8800001,training,O=C(c1ccccc1)c1ccc(O)c(O)c1O
1.474,training,CCC(=O)NC
1.96,training,CC(=O)c1ccco1
2.1700001,training,CC(=O)c1ccc(C)o1
3.277,training,O=Cc1cc(O)ccc1O
3.3699999,training,CC(C)(C)c1ccc(O)c(N)c1
4.96,training,C#CC(C)=O
2.5999999,training,CC(=O)OC1=CCCCC1
3.3299999,training,Cc1ccc([N+](=O)[O-])cc1F
3.3099999,training,CC(=O)c1cc(C)ccc1O
5.2199998,training,O=C(CBr)c1ccsc1
4.6539998,training,COC(=O)CCCCCCCCCCCC(=O)OC
4.0219998,training,ClC/C=C\CCl
5.2399998,training,C=Cn1c2ccccc2c2ccccc21
3.8800001,training,Nc1cccc(OCc2ccccc2)c1
3.23,training,O=[N+]([O-])c1ccccc1F
3.0699999,training,OCC#Cc1ccccc1
2.8099999,training,CCCCNC(N)=S
3.01,training,COc1cccc(C#N)c1
3.0599999,training,CCC(C)(O)c1ccccc1
1.599,training,C/C=C/C(C)O
2.9960001,training,SC1CCCCC1
3.7,training,Cc1cc(Cl)ccc1O
3.3,training,COC(=O)c1ccc(C=O)cc1
1.895,training,CC/C=C\CO
2.7780001,training,CC/C=C/CC(=O)O
3.6700001,training,CCc1ccc(Br)cc1
2.1370001,training,CC(Cl)C#N
4.52,training,C=CC(=O)CC
4.6599998,training,C=CC(=O)CCC
4.02,training,CCCCCCCS
4.5799999,training,CCCCCCCCCC(C)O
5.1700001,training,CCCCCCCCCCCC(C)O
3.27,training,C=CC(=O)OC(C)(C)C
3.74,training,CCCC/C=C/C(C)=O
4.5599999,training,CCCCCCC(=O)c1ccccc1
4.8899999,training,CCCCCCCC(=O)c1ccccc1
4.3200002,training,CCC#CC(C)=O
1.8099999,training,CC1CCOC1=O
3.45,training,COc1ccc(N)cc1O
4.6599998,training,Oc1ccc(N=Nc2ccccc2)cc1
4.1599998,training,N#Cc1cc(Br)c(O)c(Br)c1
4.4439998,training,CC(=O)C(Cl)C(C)=O
4.04,training,CCCCCCCCC(=O)OC
4.4250002,training,CCCCCCCCCCC(=O)OC
3.3299999,training,C=CCc1ccccc1O
4.1069999,training,O=Cc1cc(Br)ccc1O
3.8800001,training,Oc1ccccc1-c1ccccc1O
3.0799999,training,CCCc1ccccc1N
3.4200001,training,C=CSc1ccccc1
5.5500002,training,N#Cc1c(F)c(F)c(C#N)c(F)c1F
4.7199998,training,CCCCCC#CC=O
3.714,training,CCCCCCC#CC(=O)O
3.2090001,training,CCCCC/C=C/C(=O)O
3.3199999,training,OCCc1ccc(Cl)cc1
4.1599998,training,Cc1cc(C)c(O)c(C(C)(C)C)c1
2.5,training,N#Cc1ccccc1N
5.6599998,training,N#Cc1cc([N+](=O)[O-])c(Cl)c([N+](=O)[O-])c1
2.345,training,C#CCOC(=O)CC
2.727,training,OCCCCCCCl
5.0560002,training,CCCCCCCCCCN
4.4299998,training,Brc1nc(Br)c(Br)[nH]1
3.74,training,Cc1ccc(O)cc1[N+](=O)[O-]
3.1500001,training,N#CCCCc1ccccc1
2.944,training,C=CCC(C(=O)OCC)C(=O)OCC
4.3699999,training,CCCCCOC(=O)c1ccccc1
3.4070001,training,CCOC(=O)CCCCCC(=O)OCC
3.7019999,training,CCOC(=O)CCCCCCC(=O)OCC
3.8499999,training,CCCCCCC(O)CCC
2.365,training,C=CCOC(=O)CCC
2.4159999,training,CC(C)(Br)C(=O)O
2.3069999,training,O=C(O)CCCCBr
4.5700002,training,O=[N+]([O-])c1cccc(-c2ccccc2)c1
3.6300001,training,c1ccc(Cc2ccncc2)cc1
4.0599999,training,Oc1ccc(Cl)cc1O
3.0009999,training,O=Cc1ccc(O)c(O)c1O
2.8599999,training,COC(=O)c1cc(O)cc(O)c1
2.743,training,CCCCS(=O)CCCC
4.71,training,Clc1nc(Cl)c(Cl)c(Cl)c1Cl
4.4200001,training,C=COC(=O)C=C
2.3499999,training,C=C(C)C(=O)OCCC
4.6700001,training,CCOC(=O)C#Cc1ccccc1
3.0899999,training,NC(=S)c1ccccc1
2.53,training,N#Cc1cccc(N)c1
3.625,training,CCCCCCCCC#N
4.6500001,training,CCCCCCCCCCC#N
5.5380001,training,S=C=NCCc1ccccc1
3.5209999,training,CCN(CC)C(=O)CCl
3.4200001,training,CCCOC(=O)c1ccccc1
3.3399999,training,OCc1cc(Br)ccc1O
4.1599998,training,Cc1cc(Br)cc(C)c1O
3.25,training,Cc1nc2ccccc2nc1C
2.8199999,training,COc1cc(CCO)ccc1O
2.6800001,training,CC(=O)c1c(C)c[nH]c1C
2.1210001,training,C=CCOC(=O)CC
4.3000002,training,Cc1ccc(O)c(C(C)(C)C)c1
3.28,training,Cc1ccc(C)c(O)c1C
3.8699999,training,OCCCCCCc1ccccc1
5.1129999,training,Oc1c(-c2ccccc2)cccc1-c1ccccc1
4.9029999,training,CCCCCCCCCCCC#N
4.0599999,training,Oc1c(Br)cc(Br)c(O)c1Br
2.6400001,training,NC(=O)c1ccc(Cl)cc1Cl
4.0700002,training,O=C(Cc1ccccc1)c1ccc(O)cc1
4.3499999,training,C=CC(=O)OCc1ccccc1
3.6500001,training,C=C(C)C(=O)OCc1ccccc1
3.9200001,training,C/C=C/C(=O)CC
4.0900002,training,C=CC(=O)OCCCCCCC
3.74,training,C=CC(=O)OCCCCCC
1.235,training,NCCCCCO
2.0799999,training,CCOC(=O)c1ccccn1
5.6399999,training,O=[N+]([O-])c1cnc(Cl)c([N+](=O)[O-])c1
4.73,training,Cc1cc(O)ccc1[N+](=O)[O-]
2.2290001,training,O=C(O)CCCBr
5.5380001,training,S=C=NCCCc1ccccc1
5.3400002,training,O=Cc1cc(I)cc(I)c1O
5.5999999,training,O=[N+]([O-])c1cc(Cl)c(Cl)c([N+](=O)[O-])c1Cl
1.7640001,training,C=CC(=O)N(C)C
4.2600002,training,Nc1c(Cl)cc(Cl)cc1[N+](=O)[O-]
3.3299999,training,O=Cc1ccc(I)o1
3.6400001,training,N#CC(C#N)=Cc1ccccc1
2.26,training,NCCc1ccccn1
3.01,training,CC(CCO)c1ccccc1
2.0899999,training,NC(=O)c1ccc(N)cc1
4.3099999,training,Cc1cc(N)ccc1O
3.29,training,COc1cccc(Cl)c1
2.1600001,training,OCCCc1cccnc1
2.3900001,training,Fc1cc(F)c(F)nc1F
3.8099999,training,COC(=O)c1cc(Cl)ccc1Cl
4.2399998,training,N#Cc1ccc(-c2ccccc2)cc1
3.8199999,training,OCc1ccccc1-c1ccccc1
1.04,training,CC(O)CCC(C)O
2.971,training,CCOC(=O)CCCBr
3.8900001,training,O=Cc1cc(Br)c(O)c(Br)c1
2.6259999,training,CC(C)(C)CC=O
3.54,training,C=CC(=O)OCCCCC
4.0500002,training,N#CSCc1ccccc1
3.0799999,training,C=COC(=O)CCCCC
3.76,training,C=CC(=O)OC1CCCCC1
2.5699999,training,Nc1ncc([N+](=O)[O-])cn1
4.4400001,training,Cc1c(N)ccc(O)c1C
3.506,training,O=Cc1cccc(Br)c1
4.0240002,training,CCC(Br)C(=O)OC
2.48,training,CCc1ccco1
4.7800002,training,Oc1c(Cl)cc(Br)cc1Cl
3.9400001,training,N#CC(C#N)=Cc1ccco1
4.1799998,training,O=[N+]([O-])c1cc([N+](=O)[O-])c(O)c(O)c1O
4.1700001,training,O=[N+]([O-])c1ccc(O)c(O)c1
3.1199999,training,OCCCCc1ccccc1
4.027,training,COC(=O)CCBr
4.3699999,training,O=[N+]([O-])c1cc(Br)ccc1Br
4.7600002,training,Nc1c(Cl)c(Cl)cc(Cl)c1Cl
2.8699999,training,Fc1nc(F)c(F)c(Br)c1F
4.1199999,training,Nc1c(Cl)cc([N+](=O)[O-])cc1[N+](=O)[O-]
2.0280001,training,CCCC(=O)NN
2.24,training,N#CCc1ccc(N)cc1
3.9200001,training,OCc1ccc(-c2ccccc2)cc1
5.2080002,training,CCOC(=O)C(Br)CBr
5.7199998,training,O=[N+]([O-])c1cc([N+](=O)[O-])c(Cl)cc1Cl
4.0900002,training,O=[N+]([O-])c1cc(F)cc(I)c1
4.8499999,training,CCCCCCC/C=C/C=O
3.8699999,training,O=C(CBr)Nc1cc([N+](=O)[O-])ccc1O
3.75,training,CC(C)(C)c1ccc(Br)cc1
3.2,training,CC(C)(C)c1ccncc1
6.3470001,training,S=C=Nc1ccc(N=C=S)cc1
3.2690001,training,CC(=O)C(C)Cl
4.8000002,training,CC(C)(C)c1cc([N+](=O)[O-])c(O)c([N+](=O)[O-])c1
4.2199998,training,N#Cc1cc([N+](=O)[O-])cc([N+](=O)[O-])c1
2.3280001,training,CCCC(N)CO
2.648,training,CCC(Cl)C(=O)O
3.22,training,Nc1ccc([N+](=O)[O-])cn1
2.25,training,Oc1ccc(Cl)cn1
3.0309999,training,O=C(O)CCCCCBr
2.3800001,training,C=COC(=O)C(=C)C
2.3099999,training,OC1Cc2ccccc2C1
3.6199999,training,Cc1cc2ccccc2o1
3.007,training,OCCCCCCBr
3.862,training,CC/C=C/C=C/C=O
5.1199999,training,O=[N+]([O-])c1c(Cl)ncnc1Cl
2.0999999,training,C#CC(C)(O)CCC
3.51,training,CC#CC(=O)OCC
3.1600001,training,N#C/C=C/c1ccccc1
2.52,training,CC#CC(C)(O)CCC
2.01,training,COc1ccc(CO)cc1O
4.75,training,CCCCCCN=C=S
2.97,training,COc1cc(C#N)ccc1O
2.99,training,CCC(=O)C(=O)CC
2.9000001,training,COc1cc(OC)c(OC)cc1C=O
3.4400001,training,CCCCc1ccco1
4.0700002,training,O=[N+]([O-])c1ccc(Br)nc1
2.4200001,training,N#Cc1ccc[nH]1
4.98,training,O=Cc1ccc([N+](=O)[O-])s1
3.8,training,O=[N+]([O-])c1ccc(Cl)nc1
2.98,training,CCOC(=O)C(C#N)c1ccccc1
4.0100002,training,C/C=C/C(=O)CCCC
1.79,training,OCC(O)CBr
4.7080002,training,O=Cc1cc2ccccc2c2ccccc12
2.5599999,training,N#Cc1c(O)ccc(O)c1C#N
3.392,training,CC(=O)OCCCCBr
3.1300001,training,OCc1cccc2ccccc12
2.1889999,training,C=CC(O)CCC
3.3900001,training,BrCCSc1ccccc1
2.336,training,CC(C)(CC(=O)O)CC(=O)O
4.1999998,training,CCCCCc1cccs1
3.0680001,training,COC(=O)CCCBr
5.7199998,training,Oc1cc(Cl)c(Cl)c(Cl)c1Cl
3.6099999,training,Cc1cccc(O)c1[N+](=O)[O-]
5.5100002,training,CCCCC(CC)COC(=O)c1ccc(O)cc1
3.3299999,training,OCc1ccccc1I
3.8699999,training,O=Cc1cccc([N+](=O)[O-])c1O
3.4300001,training,COC(=O)c1ccc(C(=O)OC)c([N+](=O)[O-])c1
4.25,training,CCOc1cccc2ccccc12
1.502,training,CCCNC(C)=O
2.5350001,training,N#CCCCBr
3.8,training,CC(O)(Cc1ccccc1)c1ccccc1
3.8199999,training,CC(C)/C=C/C=O
4.1500001,training,Nc1c([N+](=O)[O-])cc(Cl)cc1[N+](=O)[O-]
1.58,training,C#CCCCO
4.1799998,training,CCCOC(=O)CCl
4.4200001,training,CCOC(=O)c1ccc(C(C)(C)C)cc1
3.6600001,training,Cc1ccc([N+](=O)[O-])cc1O
4.1799998,training,COC(=O)C(C)Br
4.5,training,CCCCCCC(Br)C(=O)OCC
3.6199999,training,COC(=O)c1ccc(OC)cc1O
2.99,training,COc1ccc([N+](=O)[O-])cn1
4.8540001,training,CC(C)(Br)[N+](=O)[O-]
3.78,training,Cc1c(O)cccc1[N+](=O)[O-]
3.8699999,training,O=[N+]([O-])c1cccnc1Cl
2.5,training,CC(=O)CCc1ccc(O)cc1
4.2800002,training,C=CS(=O)(=O)c1ccccc1
2.4449999,training,C#C/C=C/CO
2.53,training,Cc1cc(Cl)nc(N)n1
3.54,training,C#CCSc1ccccc1
2.9430001,training,CCCCCC#CC(=O)O
2.415,training,CCCCC(N)CO
2.45,training,CN(C)c1ccccn1
4.9699998,training,CCc1ccc(-c2ccccc2)cc1
3.7160001,training,CCCCOc1ccc(C=O)cc1
4.1799998,training,CCCCCOc1ccc(C=O)cc1
5.2399998,training,CCCCCCCC(O)CCCCC
2.03,training,NC(=O)c1cccs1
2.5039999,training,C/C=C(\C)C(=O)OCC
1.409,training,NC(=O)CCCl
3.0039999,training,CC(Br)C(N)=O
2.1300001,training,Cc1nccnc1C
3.4400001,training,N#Cc1cc(Cl)ccc1N
1.84,training,CCCC(C)O
0.85100001,training,OC/C=C\CO
1.528,training,C/C=C/CO
3.506,training,CCCCCC(=O)CC(C)=O
4.6700001,training,CCCCCCCCCCC(C)=O
3.52,training,CN(C)c1ccc(/C=C/C=O)cc1
2.428,training,CCC#CCO
4.7620001,training,O=C(CBr)C(=O)CBr
4.1700001,training,Nc1cc(Cl)c([N+](=O)[O-])cc1O
4.1999998,training,Nc1cc([N+](=O)[O-])cc(Cl)c1O
4.48,training,CC(C)CCOC(=O)c1ccc(O)cc1
3.46,training,Cc1cccc(Cl)c1C#N
3.1500001,training,Oc1cccnc1Br
2.3800001,training,C/C=C(\C)C(=O)OC
3.5999999,training,Cc1ccc(O)c(Br)c1
2.99,training,Oc1cccnc1Cl
4.6599998,training,Nc1cc(Cl)c(Cl)cc1[N+](=O)[O-]
4.9400001,training,CCCCCCOC(=O)c1ccccc1
2.927,training,CCOC(=O)C(C(=O)OCC)=C(C)C
1.733,training,CCCCC(O)CO
3.45,training,Cc1cc(N)c([N+](=O)[O-])cc1C
2.1700001,training,CC(=O)c1ccc(C)[nH]1
4.6300001,training,Cc1cc(O)c([N+](=O)[O-])cc1Cl
4.1599998,training,Cc1cc([N+](=O)[O-])ccc1Br
3.3699999,training,CCOC(=O)c1ccc(C#N)cc1
2.6900001,training,N#C/C=C/c1ccco1
1.855,training,C#CCN(C)C
4.4200001,training,CCCCOc1ccc([N+](=O)[O-])cc1
3.02,training,Cc1cnc2ccccc2n1
3.6199999,training,O=Cc1ccc(Cl)s1
2.8399999,training,C/C=C/C(=O)OCCCC
5.3280001,training,CCCCCCCCCCCN
3.75,training,CCOC(=O)c1ccc(Cl)cc1
3.77,training,CC/C=C/CBr
3.77,training,CCCCC/C=C/C(=O)OC
2.7349999,training,C#CC(O)CCCC
2.618,training,CCC(=O)CC(=O)CC
1.783,training,CCC(Cl)C(N)=O
4.27,training,Cc1cc(O)cc(C)c1Br
4.2800002,training,Cc1cc(Br)cc(Cl)c1O
2.381,training,CC(C)C[C@H](N)CO
4.8699999,training,O=[N+]([O-])c1cc(Br)ccc1O
4.0500002,training,O=Cc1ccc(O)c2ccccc12
4.23,training,CCCOC(=O)/C=C/c1ccccc1
3.073,training,CCOc1ccc(C=O)cc1
2.8800001,training,CCC(CC)COC(C)=O
4.3800001,training,CCCCCCC#CC(=O)OCC
4.6599998,training,CCCCCCCCCCC(C)O
4.6500001,training,CCCCCCCCC(O)CCC
1.825,training,CC#CCCO
2.5799999,training,C/C=C/C(=O)OC(C)CC
4.0599999,training,C#CCOC(=O)C=C
4.2399998,training,CCCCCC#CC(=O)OCC
3.4200001,training,OCCCCCc1ccccc1
5.2220001,training,O=C(CBr)c1cccs1
4.4099998,training,O=[N+]([O-])c1ccc(Br)s1
3.6199999,training,NCCCCc1ccccc1
4.5100002,training,CCCCCCCCNC(N)=S
2.0250001,training,NCCCCO
2.05,training,CC(C)OC(=O)CC#N
2.21,training,C=CCOC(=O)CC#N
2.2179999,training,CC(C)(CO)CCl
4.2680001,training,CC(C)(C)C(=O)CCl
4.3400002,training,CC(=O)c1ccc(Cl)c(Cl)c1Cl
2.8039999,training,O=Cc1cc(O)c(O)c(O)c1
2.723,training,CC/C=C\C(=O)O
3.635,training,CCOC(=O)C(Cl)C(=O)OCC
2.6199999,training,N#CCc1ccc(O)cc1
3.98,training,CCCCC/C=C/C(C)=O
3.22,training,CCNCc1ccccc1
3.6800001,training,O=C/C=C/c1ccccc1
3.8199999,training,O=C(c1ccc(Br)cc1)c1cccnc1
2.9100001,training,O=C(c1ccccc1)c1ccncc1
2.8499999,training,C=COC(=O)/C=C/C
2.3800001,training,CC(O)Cc1ccccc1
2.677,training,CCCC#CCCO
2.49,training,Cc1ccoc1C
4.5799999,training,CCCCCc1ccc(O)cc1
3.8699999,training,O=[N+]([O-])c1ncccc1O
3.3900001,training,Cc1ccc(O)c([N+](=O)[O-])n1
4.5700002,training,C=COC(=O)c1ccc(C(C)(C)C)cc1
3.293,training,CC(=O)OCCCCCBr
3.3699999,training,OCc1cccc(Br)c1
4.6560001,training,CCCCOC(=O)CCCCCCC(=O)OCCCC
5.4299998,training,CCCCCCCCc1ccc(N)cc1
2.415,training,CC(C)C(N)CO
1.316,training,CCCNCCO
2.0469999,training,C/C=C/CC#N
3.5999999,training,N#CCc1ccc(Br)cc1
4.1100001,training,CCCCC#CC(=O)OCC
2.6800001,training,N#Cc1ccccc1C(N)=O
3.513,training,CC(C)(Br)C(=O)C(C)(C)Br
4.323,training,O=C(O)CCCCCCCBr
4.3699999,training,O=C(Oc1ccccc1)c1ccc(O)cc1
2.2179999,training,C/C=C/C(=O)OC(C)C
4.73,training,O=C/C(Cl)=C/c1ccccc1
2.52,training,Cc1cccc(Cl)n1
3.365,training,CCCCC/C=C/CO
4.4299998,training,O=[N+]([O-])c1c(Cl)cc(Cl)cc1Cl
3.76,training,CCCC#CC(=O)OC
3.52,training,CCCOc1ccc(O)cc1
4.3600001,training,CCCCCOc1ccc(O)cc1
3.0999999,training,OCc1ccccc1Br
4.8099999,training,O=C(CBr)Oc1ccc([N+](=O)[O-])cc1
4.4949999,training,Cc1cccc(C)c1N=C=S
4.3400002,training,Clc1cccc(Cl)c1Br
2.95,training,COC(=O)c1cccc(O)c1
3.6259999,training,CC(Br)C#N
3.2920001,training,O=C(/C=C/c1ccccc1)N=C=S
2.4400001,training,Brc1ccncc1
1.812,training,CC(O)CBr
1.596,training,C#CCC(O)CC
2.3840001,training,CCC#CCC(C)O
4.04,training,OCCC(c1ccccc1)c1ccccc1
4.5500002,training,O=[N+]([O-])c1cc(Cl)c(Cl)c(Cl)c1
2.869,training,CC(=O)OCCCCCCl
3.1600001,training,C=CS(=O)c1ccccc1
2.5190001,training,C=CCOC(=O)/C=C/C
2.5910001,training,CCC(=O)OC(C)(C)C
2.724,training,C/C=C/CC(=O)OC
1.99,training,Cc1nc(C)c(C)o1
2.8050001,training,CC#CC(O)CC
3.8599999,training,CCCCCCNC(N)=S
3.0699999,training,O=Cc1ccc(Cl)o1
2.5,training,Cc1ccnc(O)c1[N+](=O)[O-]
2.8299999,training,Cc1cc(O)ncc1[N+](=O)[O-]
2.52,training,Brc1ccoc1
4.1279998,training,CCCCCCC/C=C/CO
3.2869999,training,N#CCCCCCCCl
3.4200001,training,Cc1cc(Cl)ncc1[N+](=O)[O-]
3.29,training,Cc1ccnc(Cl)c1[N+](=O)[O-]
3.4879999,training,OCCCCCCCCCl
3.4000001,training,CC#CC(=O)OC
3.5799999,training,CCOc1ccc(C(=O)OC)cc1
5.6989999,training,C[C@H](N=C=S)c1ccccc1
3.76,training,CC(C)c1cccc(C(C)C)c1N
2.3410001,training,CCC(C)C(N)CO
3.1110001,training,O=Cc1cccc(O)c1O
1.47,training,CCOC(=O)CC(C)O
2.98,training,N#Cc1cccc(C=O)c1
3.5940001,training,CCOC(=O)CCCCCBr
0.95200002,training,CCC(O)CO
3.9200001,training,COC(=O)c1ccc(C(C)(C)C)cc1
2.075,training,CC(C)(CN)CO
1.558,training,CC(Cl)C(N)=O
5.4200001,training,O=[N+]([O-])c1cc(Cl)cc(Cl)c1[N+](=O)[O-]
4.3099999,training,Oc1ccccc1Cc1ccccc1
5.658,training,O=C(CBr)c1cc2ccccc2oc1=O
3.75,training,CC(O)C(c1ccccc1)c1ccccc1
5.3099999,training,Oc1ccc(-c2ccc(Br)cc2)cc1
2.8399999,training,O=[N+]([O-])c1cc([N+](=O)[O-])c(O)c([N+](=O)[O-])c1
2.6099999,training,COc1cc(C=O)cc(O)c1OC
4.4990001,training,O=Cc1ccc2c(c1)Cc1ccccc1-2
3.3399999,training,CCCCCC#CCCO
3.3,training,N#CCC(=O)c1ccco1
2.3499999,training,CCOC(=O)C=C(OCC)OCC
2.9660001,training,CCC#CC(O)CC
3.0450001,training,CCCC/C=C/CO
3.9300001,training,COc1cc(Cl)cc(Cl)c1
4.1230001,training,Cc1ccc(C=O)c2ccccc12
2.329,training,CCC(C)N
2.1170001,training,CC#CCOC(C)=O
2.0179999,training,C#CCNC
4.2309999,training,Cc1ccc2ccccc2c1C=O
3.9200001,training,Nc1c([N+](=O)[O-])ccc2ncccc12
3.71,training,CC(=O)c1cc(C)c(C)cc1O
2.2409999,training,CC1CC(=O)O1
2.1670001,training,COCC(C)N
3.204,training,COc1ccc(C=O)c(Cl)c1O
5.6300001,training,CCCCCCCCCOC(=O)c1ccc(O)cc1
3.3699999,training,O=C/C=C/c1ccco1
3.97,training,CCCCCOc1ccc(N)cc1
2.0599999,training,CCOC(=O)Cc1cccnc1
3.73,training,Clc1sccc1Br
1.466,training,CNCC(O)CO
2.9000001,training,CC(=O)c1ccc(O)c(C(N)=O)c1
2.622,training,CCOC(=O)CCCC(=O)CC(=O)OCC
2.6800001,training,NC(=O)c1cc(Cl)ccc1[N+](=O)[O-]
2.54,training,CC(C)(CO)CBr
3.8900001,training,Cc1cc(C)c(O)c(N)c1
3.8199999,training,COC(=O)c1ccc(Cl)cc1[N+](=O)[O-]
3.3299999,training,O=Cc1cc(O)ccc1[N+](=O)[O-]
2.1300001,training,OCCOc1cccc(O)c1
5.3299999,training,Cc1cc(Cl)c([N+](=O)[O-])cc1[N+](=O)[O-]
4.1269999,training,CCCCCCC#CCCO
4.5300002,training,CCOC(=O)c1ccc(I)cc1
2.9100001,training,N#CCC(=O)OC1CCCCC1
5.7199998,training,S=C=NCCCN=C=S
2.45,training,Cc1c(N)cccc1O
2.9579999,training,CCCC#CCC(O)CC
1.835,training,CCC(C)C(=O)OC
3.8199999,training,CCC#CC(=O)OCC
5.21,training,Oc1c(Br)cc(Br)cc1-c1ccccc1
4.7199998,training,O=Cc1cc(Cl)cc(Cl)c1Cl
4.3000002,training,Clc1cccc(Br)c1Cl
3.27,training,CCOC(=O)Cc1cccs1
3.48,training,C=CCOC(=O)CCCCCCCCC
3.1340001,training,CCCC(CO)CCC
2.77,training,CCOC(=O)Cc1ccc(O)c(OC)c1
3.6900001,training,Cc1ccc(Cl)c(N)c1Cl
3.76,training,COc1cc(O)cc(Cl)c1
2.598,training,C#CC(C)O
2.7,training,CCOc1cc(O)ccc1OC
4.2080002,training,CCCCC/C=C/CCC=O
2.8310001,training,CCC(O)(CC)C(C)(C)C
2.0699999,training,Cc1[nH]cnc1C=O
4.7199998,training,O=[N+]([O-])c1cccnc1SCc1ccccc1
3.53,training,O=[N+]([O-])c1cc(CO)cc([N+](=O)[O-])c1
2.3610001,training,C/C=C/C(=O)OC(C)(C)C
5.3870001,training,O=C(CBr)c1ccc2ccc3cccc4ccc1c2c34
3.743,training,C#CC(O)C(C)CCC
5.7399998,training,S=C=N/C=C/CN=C=S
2.8399999,training,CCC(O)Cc1ccccc1
1.36,training,CCOC(=O)CC(O)CC#N
5.4809999,training,S=C=Nc1ccc2c(c1)CCC2
4.2399998,training,O=Cc1cc(C(F)(F)F)cc(Cl)c1F
3.74,training,Cc1ccc(Cl)c(C=O)c1F
2.5899999,valid,O=C(O)c1c(Cl)cc(Cl)cc1Cl
2.5899999,valid,O=C(O)c1cccc(Cl)c1Cl
5.0609999,valid,C=CCN=C=S
3.8,valid,Cc1cc(O)ccc1Cl
2.77,valid,Nc1ccccc1
3.1199999,valid,CCC(=O)c1ccc(O)cc1
3.036,valid,NC(=O)CCl
1.02,valid,CNC(C)=O
3.3,valid,Cc1cccc(C)c1[N+](=O)[O-]
3.3699999,valid,Cc1ccc(N)c([N+](=O)[O-])c1
3.47,valid,Cc1ccc2ccccc2n1
3.5,valid,Cc1ccc(Cl)cc1N
3.1400001,valid,Cc1ccc(C)c(O)c1
3.04,valid,CCCCC(=O)C(C)=O
2.3199999,valid,C=CCOC(=O)C(=C)C
2.207,valid,OC(CCl)CCl
2.95,valid,O=Cc1cccs1
3.026,valid,CCCC(CCC)C(=O)O
3.0799999,valid,COC(=O)c1ccc(O)cc1
1.98,valid,O=C(O)c1ccc(O)cc1
2.98,valid,C=Cc1ccccc1
3.4200001,valid,BrCCc1ccccc1
3.25,valid,COc1ccc(C)cc1
2.0550001,valid,CCOC(=O)CC
3.53,valid,Clc1ccc(Cl)cc1
1.943,valid,COC(=O)CCC(=O)OC
2.277,valid,CCOC(=O)CC(C)C
2.1199999,valid,Cc1ccncc1
2.04,valid,CN1CCNCC1
2.3540001,valid,CC(=O)CCC(C)C
1.176,valid,N#CCCC#N
2.5480001,valid,CC(=O)CCC=C(C)C
3.536,valid,CCCCCCCC(=O)OC
4.04,valid,CCCCCC#CC(=O)OC
4.335,valid,CCCCCCCCCCO
3.98,valid,CC(C)COC(=O)c1ccccc1
3.21,valid,c1ccc2[nH]ccc2c1
3.7,valid,CCCCOc1ccc(O)cc1
3.1500001,valid,CC1(C)C2CCC1(C)C(O)C2
1.347,valid,C=C(C)C#N
3.1500001,valid,COc1ccccc1C=O
4.1100001,valid,O=C(Oc1cccc(O)c1)c1ccccc1
3.6600001,valid,N#CCc1ccc(Cl)cc1
3.74,valid,C/C=C/C=C/C=O
3.855,valid,CCCCCCCCCO
4.1399999,valid,c1cnc2ccc3ncccc3c2c1
2.8900001,valid,c1ccc2occc2c1
1.25,valid,c1cncnc1
4.04,valid,O=[N+]([O-])c1ccc([N+](=O)[O-])c(O)c1
3.3299999,valid,O=[N+]([O-])c1cc(F)ccc1F
2.3800001,valid,OCc1ccc(F)cc1
3.8499999,valid,CCOc1cccc(C=O)c1O
4.04,valid,c1csc(-c2cccs2)c1
1.739,valid,O=C1CCCCCO1
3.0969999,valid,O=C(N=C=S)c1ccccc1
3.4400001,valid,Oc1ccc(O)c(O)c1
5.046,valid,O=C(CCl)CCl
3.5599999,valid,Clc1cccc(Cl)c1
4.6269999,valid,CCN=C=S
3.78,valid,CCCCCCCl
4.8829999,valid,N#CC(Cl)(Cl)Cl
3.5599999,valid,Nc1ccc(Cl)cc1Cl
3.1300001,valid,N#CCc1ccc([N+](=O)[O-])cc1
5.119,valid,CCCCCCCCCCCC(C)=O
3.8399999,valid,Nc1c([N+](=O)[O-])cccc1[N+](=O)[O-]
3.3900001,valid,O=[N+]([O-])c1cccc2ncccc12
3.71,valid,CCOC(=O)C(Cc1ccccc1)C(=O)OCC
5.6700001,valid,Oc1c(I)cc(I)cc1I
3.99,valid,O=[N+]([O-])c1ccc(Cl)cc1Cl
3.04,valid,N#Cc1ccccc1O
2.8199999,valid,CC(N)c1ccccc1
3.45,valid,N#Cc1cccc([N+](=O)[O-])c1
3.3900001,valid,COC(=O)c1ccc([N+](=O)[O-])cc1
3.0899999,valid,NC(=O)c1ccc(Cl)cc1
3.5699999,valid,N#Cc1ccc([N+](=O)[O-])cc1
5.0760002,valid,O=C(CBr)Oc1ccccc1
3.6500001,valid,Nc1cccc(I)c1
3.618,valid,CCCCCCCC(C)O
4.1700001,valid,Oc1c(F)c(F)cc(F)c1F
3.28,valid,N#Cc1ccccc1Cl
1.9400001,valid,COC(=O)C=C(C)C
5.2199998,valid,Oc1c(Cl)c(Cl)cc(Cl)c1Cl
3.6600001,valid,c1ccc(-c2ccncc2)cc1
2.5999999,valid,CC(CO)c1ccccc1
3.6900001,valid,Cc1cc(O)c(Cl)cc1C
3.6800001,valid,O=[N+]([O-])c1ccc(/C=N/O)cc1
2.6300001,valid,CC(=O)c1ccc(C#N)cc1
3.3900001,valid,OCc1ccc2ccccc2c1
3.296,valid,COC(=O)CCCCCCC(=O)OC
4.2399998,valid,Nc1c(Br)cc([N+](=O)[O-])cc1[N+](=O)[O-]
3.01,valid,CC(C#N)c1ccccc1
3.6500001,valid,OCC(c1ccccc1)c1ccccc1
3.8,valid,COc1cccc2ccccc12
3.6199999,valid,CC(=O)c1ccc(Cl)cc1Cl
4.4400001,valid,CC(C)(C)c1cc(N)cc(C(C)(C)C)c1
2.5,valid,N#CCCBr
3.75,valid,Clc1ccc(Br)s1
2.0899999,valid,C#CC(C)(C)N
3.973,valid,N#CC(Cl)Cl
2.23,valid,CCC(=O)c1ccco1
4.0700002,valid,O=[N+]([O-])c1cccc(Cl)c1Cl
4.1199999,valid,O=Cc1ccc(-c2ccccc2)cc1
2.125,valid,C=C(C)CCC(C)=O
5.3979998,valid,N#CC(Br)Br
2.96,valid,Cc1ccc(CCN)cc1
6.0510001,valid,S=C=NC(c1ccccc1)c1ccccc1
1.822,valid,C#CC(O)CC
4.9200001,valid,C=CC(=O)CCCCC
3.2909999,valid,CCc1ccc(C=O)cc1
2.97,valid,c1cc(CCc2ccncc2)ccn1
3.6900001,valid,C=CCSc1ccccc1
1.228,valid,COCCCN
2.7850001,valid,N#CCCCCBr
3.6800001,valid,CC(=O)OC1CC2CCC1(C)C2(C)C
4.3299999,valid,CCOC(=O)c1ccc(Br)cc1
3.6489999,valid,CCCCCCC#CCO
3.5999999,valid,Nc1cc([N+](=O)[O-])ccc1Cl
5.1900001,valid,O=[N+]([O-])c1c(Cl)cc(Cl)c([N+](=O)[O-])c1Cl
2.362,valid,CCOC(=O)CCC(=O)CCC(=O)OCC
3.477,valid,O=Cc1ccccc1Br
2.1110001,valid,CCOC(=O)C(C)CC
3.8900001,valid,CCCCC(CC)COC(=O)CC#N
4.0799999,valid,CCc1cc(O)ccc1Cl
3.017,valid,CCCCC#CCCO
3.9000001,valid,CCCCCCCCOC(=O)CC#N
3.7,valid,CCCC#CC(=O)OCC
3.3099999,valid,C=CCS(=O)(=O)c1ccccc1
4.1900001,valid,O=Cc1ccc(Cl)c([N+](=O)[O-])c1
6.0560002,valid,S=C=NCc1cccc2ccccc12
4.6999998,valid,CCCCCCCCCCOC(=O)CC#N
3.3099999,valid,CNc1ccc(C(=O)OC)cc1
4.0500002,valid,CCCC/C=C/C=O
4.5999999,valid,CCCCCC/C=C/C=O
4.6399999,valid,CCCCCCOc1ccc(O)cc1
3.9489999,valid,CC/C=C\CCCCCC=O
3.3699999,valid,Cc1cc(N)ncc1[N+](=O)[O-]
5.092,valid,CCCCCCCCC/C=C\CO
4.3800001,valid,CCCCCCOc1ccc(N)cc1
2.9200001,valid,N#Cc1ccc(Cl)s1
2.6240001,valid,CCC#CCC(O)CC
4.6399999,valid,COc1ccc(Cl)c(Cl)c1Cl
5.3769999,valid,CCCCCCCCCCC#CCCO
3.8900001,valid,O=Cc1ccc(O)cc1Cl
