LC50,group,smiles
0.037,training,OCCO
0.056000002,training,CO
0.15000001,training,OCCOCCO
0.30899999,training,OCCOCCOCCO
0.34900001,training,CC(O)CO
0.361,test,CS(C)=O
0.449,training,C1N2CN3CN1CN(C2)C3
0.53399998,training,CCO
0.60000002,training,OC1COC(O)C(O)C1O
0.778,training,CC(C)O
0.84100002,test,CN(C)C=O
0.85399997,training,CC(C)=O
0.88999999,valid,CC1(C)NC(=O)NC1=O
0.898,valid,CC1(C)OCC(CO)O1
0.93099999,training,C1COCCO1
0.98500001,test,CCOCCOCCO
1.0369999,training,COCOC
1.043,training,CC(O)CC(C)(C)O
1.0549999,training,CC(C)(CC(=O)O)CC(=O)O
1.063,training,CC(C)(C)O
1.086,training,CC1(C)CC(=O)CC(=O)C1
1.102,training,OCCN(CCO)CCO
1.12,training,CCCO
1.1339999,valid,CCC(O)C(C)CO
1.153,training,CCOC(=O)C(F)(F)F
1.1799999,training,C1OCOCO1
1.2309999,training,CCOC(N)=O
1.234,training,CC1(C)C(=O)N(Cl)C(=O)N1Br
1.301,test,COP(=O)(OC)OC
1.3049999,test,CCC(C)O
1.308,training,OCCN1CCNCC1
1.35,training,CCC(C)=O
1.408,training,C#CC(C)(C)O
1.462,training,CCOCC
1.47,test,NCCO
1.474,test,CC(O)CN
1.52,training,N#CCCOCCC#N
1.524,training,C1CCOC1
1.559,training,CCC#N
1.589,training,CCCCO
1.613,training,CC#N
1.6390001,training,CN1CCNCC1
1.647,training,CCN1C(=O)CC(=O)N(CC)C1=S
1.65,training,CC1CNCCN1
1.6849999,test,OCCN1CCOCC1
1.7029999,training,CC(C)CO
1.748,test,CCC(=O)CC
1.771,training,NCCN1CCNCC1
1.777,training,Cc1cocn1
1.78,training,CCNCCO
1.794,test,NCCCN
1.8099999,training,NCCCN1CCN(CCCN)CC1
1.812,training,C1CN2CCN1CC2
1.817,valid,CC(N)CN
1.818,test,CCN(CC)CCO
1.842,training,CCCC(C)=O
1.851,test,OCCNCCO
1.885,test,CCN(CC)C(C)=O
1.897,valid,CN(C)N=O
1.905,training,C#CC(C)(O)CC
1.9119999,valid,O=C(O)C(Cl)(Cl)Cl
1.932,training,CCNCC
1.9349999,training,Cc1ccc(N)cc1N
1.937,test,N#CCCCCC#N
1.999,training,CC(=O)C(C)C
2.0139999,training,CC/C(C)=N/O
2.0150001,training,O=S(=O)([O-])c1ccc[n+](Cc2ccccc2)c1
2.016,training,Cc1ccccn1
2.056,test,Oc1ccc(Cl)cn1
2.0699999,test,OC1CCCCC1
2.072,training,OCCCCl
2.092,training,CCCCCCCC1CCC(=O)O1
2.1140001,training,CC(C)OC(C)C
2.115,training,Cc1nnc(N)nc1C
2.1170001,training,CC(C)=NO
2.118,test,COC(C)(C)C
2.1199999,training,CCN(CC)N=O
2.1259999,training,CC(=O)Nc1cccc(O)c1
2.1489999,training,C=C(C)C1CC=C(C)CC1
2.1559999,training,COCCN
2.1570001,training,N#Cc1ccccn1
2.1819999,training,CCC(C)(O)CC
2.1930001,training,O=C1CCCCC1
2.217,training,CCCCCO
2.2260001,training,CC(C)(C)CCN
2.263,training,NC(=O)c1ccccc1
2.2639999,training,CC(C)(C)CN
2.2690001,test,CC(=O)Nc1ccc(O)cc1
2.2690001,training,COC(C)=O
2.2709999,training,CC(=O)CC(C)C
2.283,training,CCCN
2.286,training,OCc1ccoc1
2.319,valid,Oc1cccnc1Cl
2.3640001,training,Cc1ccncc1
2.369,training,CCCCC(C)=O
2.3710001,test,OCc1ccccc1
2.392,training,OCCN(CCO)c1ccccc1
2.395,training,Cc1nc(C)c(C)o1
2.4119999,training,N#CCCCCCCC#N
2.4130001,training,CCc1ccccn1
2.4200001,test,CC/C=C\CCO
2.424,training,ClCCl
2.425,training,CCC(C)N
2.431,training,O=CC=O
2.4360001,training,CCCCN
2.4389999,training,CC(C)(O)C(F)(F)C(F)F
2.444,training,CC(N)=S
2.451,training,CC(C)OP(C)(=O)OC(C)C
2.4579999,training,Cc1ncc[nH]1
2.474,training,CC1CNCC(C)O1
2.487,test,CC(C)C(C)N
2.4949999,test,C=C(C)C(=O)OC
2.5009999,training,CCOC(=O)C(O)C(O)C(=O)OCC
2.5039999,training,c1cc[nH]c1
2.5369999,training,NC(=O)c1ccccc1N
2.5480001,training,CCCCC(CC)COC(=O)c1ccccc1C(=O)OCC(CC)CCCC
2.5510001,training,CC(=O)OC(C)(C)C
2.5669999,valid,C=CCC#N
2.5680001,test,CC/C=C/CCO
2.569,valid,Oc1cccnc1Br
2.576,training,NCCN
2.5829999,test,CCOC(C)=O
2.586,training,CC(O)CCl
2.6010001,test,O=[N+]([O-])OCCOCCO[N+](=O)[O-]
2.6040001,training,OCCOc1ccccc1
2.608,training,NC(=O)c1c(Cl)cccc1Cl
2.6170001,training,CCOC(CN(C)CC(OCC)OCC)OCC
2.6470001,training,C#CCN(CC#C)CC#C
2.6700001,training,CCN(CC)CCCC(C)=O
2.681,training,CCC1(c2ccccc2)C(=O)NC(=O)NC1=O
2.6860001,training,C#CC1(O)CCCCC1
2.6889999,training,CO[PH](=O)OC
2.6919999,test,CCCCCN
2.6919999,training,O[C@@H]1C[C@H]2CC[C@@H]1C2
2.6930001,training,CC(Cl)(Cl)C(=O)O
2.7149999,test,O=C(O)c1cccc(C(=O)O)n1
2.72,training,C1CO1
2.7249999,training,NC(=O)C(Cl)Cl
2.7320001,training,O=[N+]([O-])C(CO)(CO)CO
2.7360001,training,ON=C1CCCCC1
2.737,training,CC1=CC(=O)CC(C)(C)C1
2.7379999,test,C#CC(C)(O)C(C)C
2.74,training,Cc1cccc(Cl)n1
2.7579999,training,C=C(C)C(=O)OCCO
2.7820001,training,Oc1cccc(Cl)n1
2.793,training,C=CC(N)=O
2.8110001,training,Cc1cccnc1
2.8180001,training,OCC(Cl)(Cl)Cl
2.8269999,test,Cc1ccc(N)cc1
2.832,training,CCOP(=O)(Cc1ccccc1)OCC
2.8380001,training,OC(C(F)(F)F)C(F)(F)F
2.8399999,training,CCCCCC(=O)O
2.8510001,training,CC(=O)CC(C)=O
2.8529999,training,CC(C)C(O)C(C)C
2.8559999,training,C=C(Cl)Cl
2.8559999,training,CC(=O)CCC(C)C
2.8570001,training,CC(=O)O
2.858,training,CC(=O)c1ccncc1
2.859,test,O=C(NC(=O)c1c(F)cccc1F)Nc1ccc(Cl)cc1
2.859,training,CC(C)N(CCO)C(C)C
2.8699999,training,CC(=O)c1ccccc1
2.8829999,training,CC1(C)CCC(C)(C)O1
2.891,training,C/C=N/O
2.895,valid,CC(=O)c1cccn1C
2.8959999,training,ClCCCl
2.904,training,COc1ccccc1[N+](=O)[O-]
2.914,test,c1ccncc1
2.924,training,O=[N+]([O-])c1ncccc1O
2.925,training,OCC(F)(F)F
2.925,training,O=C(O)COc1ccc(Cl)cc1Cl
2.928,training,CC(Cl)CCl
2.9360001,test,ClCCCCl
2.9389999,training,O=[N+]([O-])c1ccccc1O
2.9400001,valid,CCCCCC(C)=O
2.941,test,CCCCCCO
2.941,training,BrCC1CCCCO1
2.9519999,training,C=CC(=C)C
2.961,training,OCCCc1cccnc1
2.964,test,CN(C)c1nc(=O)n(C2CCCCC2)c(=O)n1C
2.973,training,ClCCOCOCCCl
2.9749999,valid,Cc1cc(C)c(C#N)c(=O)[nH]1
2.983,training,CN(C)c1ccccn1
2.99,training,Nc1ccc(Br)cn1
2.993,training,Nc1ccccc1
3.0020001,test,N#Cc1ccccc1
3.007,training,Cc1cc(Cl)nc(N)n1
3.0090001,training,CCC(=O)c1ccc(N)cc1
3.0179999,training,O=[N+]([O-])c1ccccc1
3.0209999,test,NCc1ccccc1
3.0250001,training,Cc1ccc(N=C=O)cc1N=C=O
3.0250001,training,COc1ccc(C(C)=O)c(OC)c1OC
3.03,training,CNc1ccccc1
3.046,training,O=P(O)(O)CCCl
3.0480001,training,c1ccoc1
3.0610001,valid,CC(=O)C(C)(C)C
3.072,training,COc1ccc(OC)cc1
3.076,training,CC=O
3.079,test,Nc1ccc([N+](=O)[O-])cc1
3.086,training,c1cc(CCc2ccncc2)ccn1
3.0940001,training,ClC(Cl)Cl
3.095,training,CCOC(=O)CCC(=O)OCC
3.0969999,test,NC(=O)c1ccc([N+](=O)[O-])cc1
3.0999999,training,COc1ccccc1C(N)=O
3.1099999,training,COc1ccc(O)cc1
3.112,training,C#CC(C)(O)c1ccccc1
3.1140001,training,c1ccc2cnncc2c1
3.118,test,COc1cc(C=O)ccc1O
3.119,training,CC(C)(O)C(Cl)(Cl)Cl
3.1229999,training,CCCCC(=O)O
3.131,training,Cc1ccc(C)o1
3.1329999,training,NC(=O)c1ccccc1O
3.1389999,valid,CCCCCCCC/C=C\CCCCCCCC(=O)O
3.141,test,OCCCl
3.141,training,CC1(C)[C@@H]2CC[C@@]1(C)C(=O)C2
3.152,training,CCC(C)n1c(=O)[nH]c(C)c(Br)c1=O
3.1670001,training,c1ccc2c(c1)CCO2
3.168,training,CC(=O)CCC=C(C)C
3.174,valid,CCc1ccc(C)nc1
3.178,training,O=C(O)CCCCC(=O)O
3.1800001,training,CC12CCC(CC1)C(C)(C)O2
3.1819999,test,CCCCCCCCC(=O)O
3.2049999,test,COC(=O)c1ccccc1C(=O)OC
3.2060001,test,OCC#CCO
3.2130001,training,ClCC(Cl)Cl
3.22,test,CCc1ccc(N)cc1
3.2219999,valid,COc1cccc(O)c1
3.2309999,training,CCCOC(C)=O
3.237,valid,Nc1ccc(S(=O)(=O)O)cc1
3.24,training,CCN(CC)C(=O)c1cccc(C)c1
3.244,training,Cc1cc([N+](=O)[O-])ccc1N
3.2460001,training,CCCCN(C=O)CCCC
3.25,training,O=C(c1ccccc1)c1ccncc1
3.2520001,test,CCCCCCN
3.2620001,test,CCCBr
3.267,test,CN(C)c1ccccc1
3.2720001,training,CC(=O)Cl
3.2780001,valid,CCOc1cc(C=O)ccc1O
3.2869999,valid,Cc1cccc(O)c1
3.2880001,training,C#CCCO
3.2969999,training,COCCCNCc1cc(OC)c(OC)c(OC)c1
3.2980001,training,C1CCCCC1
3.2980001,training,NC(=O)c1ccc(Cl)cc1Cl
3.302,training,Oc1cccc(O)c1
3.325,test,c1ccc2scnc2c1
3.325,valid,NC(=O)c1cccc(Br)c1
3.3369999,test,Cc1ccc([N+](=O)[O-])cc1N
3.3599999,training,O=C(O)c1c(F)cccc1F
3.365,training,O=S(c1ccccc1)c1ccccc1
3.3729999,training,COP(=O)(OC)C(O)C(Cl)(Cl)Cl
3.3740001,training,CN(C)P(=O)(OP(=O)(N(C)C)N(C)C)N(C)C
3.3740001,training,CCNCc1ccccc1
3.3789999,training,COc1ccc(C(C)=O)c(O)c1
3.3800001,training,C#CCC(C)O
3.3870001,training,CC1(C)[C@H]2CC[C@]1(C)[C@H](O)C2
3.391,training,ClCCCCCl
3.391,training,N#Cc1cccc([N+](=O)[O-])c1
3.3929999,training,CC(C)(O)CCc1ccccc1
3.3929999,valid,O=C1C2CC3CC(C2)CC1C3
3.3970001,valid,CCSCCSCC
3.402,training,CC(Cl)(Cl)Cl
3.4070001,training,C1=CC2C3C=CC(C3)C2C1
3.408,training,ClCC(Cl)CCl
3.411,test,Clc1ccccc1Cl
3.411,valid,C=CCC(O)C=C
3.415,valid,Cc1ccc(N(C)C)cc1
3.4159999,test,CC1(N)CCC(C(C)(C)N)CC1
3.4230001,training,CCC1(CCC(C)C)C(=O)NC(=O)NC1=O
3.4300001,training,Cc1ccccc1
3.4360001,training,CCNc1cccc(C)c1
3.4400001,training,Cc1ccc([N+](=O)[O-])cc1
3.4449999,training,c1ccccc1
3.4460001,test,CCCCCCC(C)=O
3.448,training,c1ccc2ncccc2c1
3.4489999,test,CCCN(CCC)CCC
3.457,training,C#CC(C)(O)CCC(C)C
3.4590001,valid,O=S(Cc1ccccc1)Cc1ccccc1
3.47,training,ClC=C(Cl)Cl
3.477,valid,CCN(CC)C(=O)/C(Cl)=C(\C)OP(=O)(OC)OC
3.4809999,training,CC(=O)Br
3.484,training,Cc1c(N)cccc1[N+](=O)[O-]
3.487,training,OCC(Br)CBr
3.487,valid,O=C(O)CS
3.4949999,training,Oc1ccccc1
3.4960001,test,CCOCCOC(C)=O
3.4990001,training,O=C(O)C(Br)Br
3.507,training,CCCCCCCO
3.513,test,CNc1ccc(F)cc1
3.513,training,Cc1ccc([N+](=O)[O-])c(O)c1
3.5179999,test,C=CC(O)CCC
3.5209999,training,Cc1cccc(O)c1[N+](=O)[O-]
3.5239999,training,COP(O)(=S)OC
3.5280001,test,C=C(C)C(=O)OC(C)C
3.5280001,training,CC12CCC(C(Br)C1=O)C2(C)C
3.53,training,CCN(CCO)c1cccc(C)c1
3.5309999,test,O=[N+]([O-])c1ccc(O)cc1
3.5369999,test,COC(=O)c1ccc(C#N)cc1
3.546,training,C=CCCl
3.5539999,test,CN(C)Cc1ccccc1
3.5550001,valid,N#Cc1cccc(C(F)(F)F)c1
3.559,training,Nc1ccc(Br)cc1
3.5610001,training,Cc1c(Cl)cccc1NC=O
3.563,test,Cc1ccccc1[N+](=O)[O-]
3.569,training,O=Cc1ccco1
3.569,training,C=CC#N
3.569,training,C=CCNc1ccccc1
3.5699999,test,c1ccc(CN2CCNCC2)cc1
3.5699999,training,ClC(Cl)(Cl)Cl
3.572,training,CCCCBr
3.573,training,C=COC(C)=O
3.5880001,valid,COc1cc(C=O)cc(Br)c1O
3.5940001,test,Cc1ccc(N)c(Cl)c1
3.598,training,COc1cc(OC)c(OC)cc1C=O
3.599,training,O[C@@H]1CCCC[C@H]1c1ccccc1
3.6010001,training,O=Cc1cc(O)ccc1[N+](=O)[O-]
3.6029999,training,COC(=O)c1ccc(O)cc1O
3.6059999,training,CCCCOCCCC
3.608,training,O=C(Cl)c1ccccc1
3.608,training,N#Cc1ccccc1C(F)(F)F
3.6140001,training,C/C=C/C=C/C
3.6199999,test,Nc1ccc(Cl)cc1
3.6229999,training,ClC1(Cl)C2(Cl)C3(Cl)C4(Cl)C(Cl)(Cl)C5(Cl)C3(Cl)C1(Cl)C5(Cl)C24Cl
3.6289999,training,Nc1ccc(O)c([N+](=O)[O-])c1
3.638,test,O=P(O)(CO)CO
3.6400001,training,Nc1c(Cl)c(Cl)nc(C(=O)O)c1Cl
3.642,training,NNC(N)=S
3.6429999,training,Cc1cccc([N+](=O)[O-])c1
3.645,training,Clc1ccccc1
3.654,training,CCCC=O
3.6559999,training,CCNc1nc(NC(C)(C)C)nc(OC)n1
3.661,training,CC(=O)Nc1ccccc1O
3.6619999,training,CCCCC(=O)CCCC
3.664,training,CCCCC(CC)CO
3.665,training,CCOC(=O)c1ccc(N)cc1
3.6659999,training,Cc1ccc(O)cc1
3.6659999,training,O=[N+]([O-])c1cccc([N+](=O)[O-])c1O
3.6889999,training,O=C(O)CN(CCN(CC(=O)O)CC(=O)O)CC(=O)O
3.691,training,C=C(C)C(=O)OCC1CCCO1
3.6930001,test,Nc1c(F)c(F)c(F)c(F)c1F
3.6960001,training,O=[N+]([O-])c1ccc(F)cc1
3.698,training,CN(C)C(=O)C(c1ccccc1)c1ccccc1
3.701,training,CC(C)(C)SC(C)(C)C
3.7149999,training,O=P(c1ccccc1)(c1ccccc1)c1ccccc1
3.72,training,CC(C)(C)CC(C)(C)N
3.7260001,training,Cc1ccc(S(=O)(=O)n2ccnc2)cc1
3.727,test,CCCC(C)C=O
3.727,training,N#Cc1cc(Cl)ccc1N
3.7360001,training,CCCSCCC
3.7360001,training,CCOc1ccc(C=O)cc1
3.7449999,training,CC(C)(C)c1ccc(C(N)=O)cc1
3.7460001,training,ClCCCCCCl
3.753,training,Cc1ccccc1F
3.756,training,CCCCCC=O
3.757,training,C=C(C)C(=O)OCCOCC
3.7679999,test,Cc1ccc(N)cc1[N+](=O)[O-]
3.7690001,training,Cc1ccc([N+](=O)[O-])cc1[N+](=O)[O-]
3.77,training,CCOC(=O)CC(S)C(=O)OCC
3.7750001,training,Nc1ccc(F)c(C(F)(F)F)c1
3.777,training,C#CC(C)O
3.7820001,training,NC12CC3CC(CC(C3)C1)C2
3.7820001,valid,Nc1ccc(F)cc1C(F)(F)F
3.783,training,N#Cc1ccc([N+](=O)[O-])cc1
3.786,training,C=Cc1ccccc1
3.7869999,training,Cc1ccc([N+](=O)[O-])c(N)c1
3.7880001,training,Cc1ccc(N)c([N+](=O)[O-])c1
3.7969999,training,Cc1cccc([N+](=O)[O-])c1N
3.8099999,training,CCCCOC(C)=O
3.8110001,training,Cc1ccccc1C
3.812,training,O=CN(c1ccccc1)c1ccccc1
3.8150001,training,O=Cc1cccnc1
3.8180001,training,Nc1ccc(F)cc1
3.822,training,Cc1cccc(C)c1
3.825,training,CCCCC=O
3.8280001,test,COP(=S)(S)OC
3.835,training,C=CCc1ccc(O)c(OC)c1
3.8380001,test,O=C1c2c(O)ccc(O)c2C(=O)c2c(NCCO)ccc(NCCO)c21
3.8410001,test,CC#CCO
3.8410001,test,CCSC(=O)N1CCCCCC1
3.842,training,CN(C)C(=O)NC1CC2CC1C1CCCC21
3.845,training,COP(=O)(O)OC
3.846,training,CCOc1ccc(N)c([N+](=O)[O-])c1
3.8529999,training,CCC(C)C(C)C=O
3.855,training,CCOP(=S)(OCC)Oc1ccc(S(C)=O)cc1
3.8559999,test,Cc1ccc(O)c(C)c1
3.8610001,training,CCN(CC)C1CCCCC1
3.862,test,ClCC1CO1
3.8699999,training,CCN(CC)c1ccc(C=O)cc1
3.8770001,training,COc1cccc(OC)c1C
3.8840001,training,CN(C)N
3.885,training,COC(=O)c1ccc([N+](=O)[O-])cc1
3.888,training,Cc1ccccc1O
3.8889999,test,N#Cc1cc(Cl)c(O)c(Cl)c1
3.895,training,COC(=O)c1ccc(Cl)cc1[N+](=O)[O-]
3.9119999,test,Cc1cc([N+](=O)[O-])cc([N+](=O)[O-])c1
3.9159999,training,ClC(Cl)C(Cl)Cl
3.9170001,training,COc1ccc(C=O)c(OC)c1
3.9170001,valid,CC(C)[C@@H]1CC[C@@H](C)C[C@H]1O
3.9189999,test,O=Cc1ccccc1
3.9200001,valid,ClC1CCCC[C@H]1Cl
3.924,training,CCOC(=O)c1ccccc1O
3.9260001,training,c1ccc2occc2c1
3.9260001,training,c1ccc2c(c1)CCC2
3.9260001,training,CCCCCCCCOC(=O)C(C)O
3.927,training,Nc1ccc([N+](=O)[O-])cc1Cl
3.9330001,training,O=[N+]([O-])c1cccc(Cl)c1
3.934,training,Nc1cc([N+](=O)[O-])cc([N+](=O)[O-])c1
3.9360001,training,CCC(C)C=O
3.941,training,Cc1ccc(O)cc1C
3.947,training,CCc1ccccc1
3.9519999,test,CC1(C)[C@H]2CC[C@]1(C)C(=O)C2
3.9549999,training,ClC(Cl)=C(Cl)Cl
3.9590001,training,CCN(CC)c1ccccc1
3.971,valid,CCCCCCCC(C)=O
3.974,training,C1=CC2CCC1C2
3.9760001,training,CCCCCCC1CCC(=O)O1
3.9779999,training,Cc1c([N+](=O)[O-])cccc1[N+](=O)[O-]
3.9790001,training,C=CCc1ccccc1O
3.9809999,training,CCOC(=O)/C=C\C(=O)OCC
3.984,training,CCCCCCCCO
3.984,training,c1ccc(-c2ccncc2)cc1
3.9949999,training,c1ccc(C2CO2)cc1
4.0019999,training,Cc1cccc(Cl)c1C#N
4.0159998,training,CCOC(=O)CC(=O)OCC
4.0190001,training,Oc1ccccc1Cl
4.02,test,Cc1cc(C)c(O)c(C)c1
4.0209999,training,O=Cc1ccccc1[N+](=O)[O-]
4.0229998,training,O=Cc1ccc(O)cc1O
4.0500002,training,CCOC(=O)CCCCC(=O)OCC
4.0700002,test,CCc1ccc(O)cc1
4.0749998,valid,C=C(C)C(=C)C
4.0799999,training,O=C(O)C1C2CCC(O2)C1C(=O)O
4.0819998,training,S=C(Nc1ccccc1)Nc1ccccc1
4.0840001,test,Nc1ccc([N+](=O)[O-])cc1[N+](=O)[O-]
4.092,valid,O=C(c1ccccc1)c1ccccc1
4.0929999,test,CCCc1ccc(O)cc1
4.0949998,training,CCCCOC(=O)CCC
4.0960002,training,CC(C)c1cccc(C(C)C)c1N
4.1020002,test,Cc1ccc(C)cc1
4.1020002,test,O=CCCCC=O
4.1090002,training,O=C(c1ccc(Br)cc1)c1cccnc1
4.1160002,test,CCNc1nc(Cl)nc(NC(C)(C)C#N)n1
4.1160002,training,CCOC(=O)c1ccccc1C(=O)OCC
4.1160002,training,CNC(=O)Oc1cc(C)c(N(C)C)c(C)c1
4.119,training,c1cc[n+]2c(c1)-c1cccc[n+]1CC2
4.1199999,training,Cc1c(N)cc([N+](=O)[O-])cc1[N+](=O)[O-]
4.1220002,training,O=[N+]([O-])c1cccc([N+](=O)[O-])c1
4.1360002,valid,COP(=S)(OC)Oc1ccc(Sc2ccc(OP(=S)(OC)OC)cc2)cc1
4.1409998,training,O=C(O)CCCOc1ccc(Cl)cc1Cl
4.1539998,training,c1ccc2cccc-2cc1
4.1560001,training,COC(=O)c1ccc(Cl)cc1
4.158,training,CCNc1nc(Cl)nc(NC(C)C)n1
4.165,test,CCCCc1ccc(N)cc1
4.1690001,training,COC(=O)c1cc(Cl)ccc1Cl
4.171,training,Cc1c[nH]c2ccccc12
4.1750002,test,Cn1cc(-c2ccccc2)c(=O)c(-c2cccc(C(F)(F)F)c2)c1
4.1750002,training,O=Cc1ccc([N+](=O)[O-])cc1
4.1820002,training,S=c1[nH]c2ccccc2s1
4.1820002,training,CC(=O)C(C)CN(C)C
4.184,test,C=CC(Cl)CCl
4.1919999,valid,Cc1ccc(C)c(C)c1
4.198,training,CC(Oc1cc(Cl)c(Cl)cc1Cl)C(=O)O
4.1989999,test,Cc1cccc2ccccc12
4.2080002,training,O=C(CCl)c1ccc(Cl)cc1
4.2080002,training,CC(=O)c1ccc(Cl)cc1Cl
4.2080002,training,Cc1ccc([N+](=O)[O-])c(N)c1[N+](=O)[O-]
4.2080002,valid,CCCCCC(=O)OCC
4.2150002,training,CN(C)C(=O)Nc1ccc(Cl)c(Cl)c1
4.2199998,training,Cc1ccc(C)c(O)c1C
4.224,training,O=[N+]([O-])c1ccc(O)c([N+](=O)[O-])c1
4.2270002,training,O=Cc1c(F)cccc1Cl
4.2389998,training,CC(C)CCCCCOC(=O)C(C)Oc1cc(Cl)c(Cl)cc1Cl
4.244,test,CCOC(=O)N(C(=O)OCC)C(=O)OCC
4.2470002,test,CSCCCCCCSC
4.2470002,training,CCOC(=O)c1ccccc1
4.2490001,training,Cc1c([N+](=O)[O-])ccc(N)c1[N+](=O)[O-]
4.257,training,CC(C)SSC(C)C
4.2620001,training,Cc1cc(Cl)ccc1OCCCC(=O)O
4.2690001,training,Clc1cccc(Cl)c1
4.2729998,training,C#CC(O)(c1ccccc1)c1ccccc1
4.2789998,test,CC(C)c1ccccc1
4.2870002,training,Oc1ccccc1O
4.2950001,training,O=[N+]([O-])N1CN([N+](=O)[O-])CN([N+](=O)[O-])CN([N+](=O)[O-])C1
4.2979999,test,Oc1ccc(Cl)cc1Cl
4.302,test,N#Cc1cc(Br)c(O)c(Br)c1
4.302,training,C=C1C2CCC3C2C(C)(C)CCCC13C
4.3049998,training,O=[N+]([O-])N1CN([N+](=O)[O-])CN([N+](=O)[O-])C1
4.3049998,training,CCCCCCCCC#N
4.3200002,test,c1ccc2ccccc2c1
4.322,test,Clc1ccc(Cl)cc1
4.323,training,Nc1ccc(Cl)c(Cl)c1
4.3379998,valid,Nc1cccc(OCc2ccccc2)c1
4.3530002,test,Nc1ccccc1Cl
4.3660002,test,O=C(O)/C=C\C(=O)O
4.368,training,Clc1cccc(C(Cl)(Cl)Cl)n1
4.369,training,COC(=O)c1ccc(C(=O)OC)c(N)c1
4.3759999,test,CNC(=O)Oc1ccccc1OC(C)C
4.3769999,training,CCNc1nc(NC(C)C)nc(SC)n1
4.3839998,training,C=CC(=O)OCCO
4.3839998,valid,Clc1cccc(-c2ccccc2)c1
4.395,training,Cc1cc(C)c([N+](=O)[O-])cc1[N+](=O)[O-]
4.3959999,training,CCCCCCCCN
4.3959999,valid,CCCCCCC(C)N
4.4029999,training,ClCc1ccccc1
4.4039998,training,CCC(=O)Nc1ccc(Cl)c(Cl)c1
4.4099998,test,CCCCCCCCCO
4.4159999,training,Cc1cc(O)ccc1Cl
4.4159999,training,O=Cc1cccc([N+](=O)[O-])c1
4.4159999,training,CCCCOc1ccccc1
4.4200001,training,N#Cc1c(Cl)cccc1Cl
4.421,test,Brc1ccsc1
4.4219999,test,COP(=O)(OC)O/C(C)=C\C(=O)OC(C)c1ccccc1
4.4219999,training,CCOC(=O)CC(SP(=S)(OC)OC)C(=O)OCC
4.4229999,training,CC(C)CC=O
4.4239998,valid,O=C(O)c1c(Cl)ccc(Cl)c1Cl
4.4250002,training,Cc1cc2cccc(C)c2cc1C
4.4289999,training,ClC(Cl)C(Cl)(Cl)Cl
4.4460001,training,CNC(=O)Oc1cccc2ccccc12
4.448,training,Brc1ccccc1
4.4559999,training,Cc1c([N+](=O)[O-])cc(N)cc1[N+](=O)[O-]
4.4590001,training,Oc1ccc(Cl)cc1
4.4650002,test,CC(C)=CC=C(C)C
4.4660001,training,CC(C)(C)c1ccc(O)cc1
4.4689999,training,CCSCCCCSCC
4.473,training,CN(C)c1ccc(/C=C/C=O)cc1
4.4980001,test,CCNc1nc(Cl)nc(NCC)n1
4.507,test,Oc1ccccc1-c1ccccc1
4.5079999,valid,COP(=S)(OC)Oc1ccc([N+](=O)[O-])cc1
4.5100002,test,CCc1cccc(CC)c1
4.5100002,training,O=[N+]([O-])c1ccc(O)cc1C(F)(F)F
4.5100002,training,CCCCCCCCC(C)=O
4.5120001,training,CNC(=O)O/N=C(\SC)C(=O)N(C)C
4.513,training,CCCCOP(=O)(OCCCC)OCCCC
4.5320001,training,O=[N+]([O-])c1cccc2ccccc12
4.5370002,training,CCCCCC
4.5380001,training,Oc1cccc2ccccc12
4.539,training,CCc1cccc(C)c1N(C(=O)CCl)C(C)COC
4.5440001,training,Oc1ccc(Oc2ccc(O)cc2)cc1
4.5510001,training,CCCCOCCOP(=O)(OCCOCCCC)OCCOCCCC
4.5570002,test,CCCCCCOC(C)=O
4.5570002,training,CCN(CC)c1ccc(C=O)c(O)c1
4.559,training,CC(=O)c1ccc(Cl)c([N+](=O)[O-])c1
4.5609999,test,O=C(/C=C/C=C/c1ccc2c(c1)OCO2)N1CCCCC1
4.5640001,test,COC(=O)c1ccc(C(=O)OC)c([N+](=O)[O-])c1
4.5640001,training,C#CCO
4.5710001,training,O=C(O)CNCP(=O)(O)O
4.5749998,training,Oc1ccc(Oc2ccccc2)cc1
4.5770001,training,CC(=O)/C=C/C1=C(C)CCCC1(C)C
4.5770001,training,C=C(C)C(=O)OCc1ccccc1
4.5830002,training,CCOC(=O)/C=C/C(=O)OCC
4.586,training,CC(C)=CCC/C(C)=C/CO
4.5900002,valid,C=CC(=O)OCC(C)O
4.5929999,training,COP(=S)(OC)SCN1C(=O)c2ccccc2C1=O
4.6030002,training,C=CC(=O)OCC
4.6199999,training,Oc1ccc2ccccc2c1
4.6279998,training,O/N=C/c1ccccc1O
4.6290002,training,c1ccc(Oc2ccccc2)cc1
4.6339998,training,O=Cc1ccc(Oc2ccccc2)cc1
4.6350002,training,COc1cc(Cl)c(Cl)cc1O
4.6360002,test,CC1=CC=C(C(C)C)CC1
4.6370001,training,Oc1c(Cl)cc(Cl)cc1Cl
4.6500001,training,c1ccc(Nc2ccccc2)cc1
4.6589999,training,CCOP(=S)(OCC)SC1OCCOC1SP(=S)(OCC)OCC
4.664,training,CCOC(=O)C(Cc1ccccc1)C(=O)OCC
4.6719999,test,Cc1ccc(C(C)C)c(O)c1
4.6719999,training,O=Cc1cc([N+](=O)[O-])ccc1Cl
4.6739998,training,Clc1ccccc1-c1ccccc1
4.6799998,training,CCCCCCBr
4.6820002,training,Nc1ccc(C(=O)Oc2ccccc2)c(O)c1
4.691,training,CC(C)(c1ccc(O)cc1)c1ccc(O)cc1
4.697,training,Brc1nc(Br)c(Br)[nH]1
4.7049999,valid,Oc1c(Br)cc(Br)cc1Br
4.7059999,training,CCOC(=O)C(C)Oc1ccc(Oc2nc3ccc(Cl)cc3o2)cc1
4.7090001,valid,CCCCCOCCCCC
4.7129998,training,CCCCOC(=O)CCC(=O)OCCCC
4.7199998,training,c1ccc(-c2ccccc2)cc1
4.7249999,training,O=Cc1ccccc1O
4.7270002,training,CCCCOC(C)COC(=O)C(C)Oc1cc(Cl)c(Cl)cc1Cl
4.7319999,test,CCc1cccc(CC)c1N(COC)C(=O)CCl
4.737,test,N#Cc1cc(I)c(O)c(I)c1
4.737,training,Nc1ccc(Cl)c(Cl)c1Cl
4.7389998,training,O=[N+]([O-])c1ccc([N+](=O)[O-])c(O)c1
4.7389998,training,CS(=O)(=O)Oc1ccc(Cl)cc1Cl
4.7420001,training,COP(=O)(OC)OC=C(Cl)Cl
4.743,training,Cc1ccc(Cl)c(Cl)c1
4.7480001,training,N#CCCl
4.7589998,training,CCCSSCCC
4.7620001,training,Brc1ccccc1Br
4.7670002,test,COc1cccc(C=O)c1O
4.777,test,CCCCCCOc1ccc(N)cc1
4.7859998,training,C=CC(=O)OCC(C)C
4.7919998,training,Cc1cc(O)c([N+](=O)[O-])cc1[N+](=O)[O-]
4.7979999,training,S=c1[nH]c2cc(Cl)ccc2s1
4.8000002,training,Clc1ccc(Cl)c(Cl)c1
4.8000002,training,CC(C)Nc1nc(Cl)nc(NC2CC2)n1
4.802,training,CCC(C)(C)c1ccc(O)cc1
4.803,training,O=c1cc(-c2ccccc2)oc2ccccc12
4.8039999,test,C#CC(O)CCCC
4.8049998,training,O=Cc1ccc(Cl)cc1
4.809,training,COP(=S)(OC)Oc1ccc([N+](=O)[O-])c(C)c1
4.8109999,training,CCOP(=S)(OCC)Oc1cc(C)nc(C(C)C)n1
4.8179998,training,O=c1oc2ccccc2c(O)c1Cc1c(O)c2ccccc2oc1=O
4.8189998,test,CCCCCCCCCCO
4.822,test,CCCCCCCCCN
4.8280001,training,CC(C)Oc1cccc(NC(=O)c2ccccc2C(F)(F)F)c1
4.8319998,test,COc1cc(O)c(C=O)c(OC)c1
4.8410001,test,Cl/C=C/CCl
4.8509998,training,CCCCOC(=O)CCCCC(=O)OCCCC
4.8540001,training,CCOP(=S)(OCC)SCCSCC
4.862,training,Clc1ccc(C(c2ccc(Cl)cc2)C(Cl)Cl)cc1
4.8860002,valid,CNC(=O)O/N=C(\C)SC
4.8920002,training,c1ccc2nc3ccccc3cc2c1
4.8969998,valid,CC(O)C#N
4.9099998,training,O=[N+]([O-])c1ccc(Oc2ccccc2)cc1
4.915,test,Cc1cc(N)c([N+](=O)[O-])cc1[N+](=O)[O-]
4.9190001,training,O=[N+]([O-])OCC(CO[N+](=O)[O-])O[N+](=O)[O-]
4.921,training,C/C=C/C=O
4.9380002,training,CCCCCc1ccccc1
4.9390001,training,COP(=S)(OC)Oc1ccc(SC)c(C)c1
4.947,test,CCCCCCOc1ccc(C=O)cc1OC
4.961,training,Oc1ccc(Cl)cc1O
4.967,test,c1ccc2c(c1)oc1ccccc12
4.973,training,CC(C)c1ccc2c(c1)CCC1[C@]2(C)CCC[C@@]1(C)C(=O)O
4.9759998,test,Cc1c([N+](=O)[O-])cc([N+](=O)[O-])cc1[N+](=O)[O-]
4.9759998,training,CCOC(=O)CCCCCCCCC(=O)OCC
4.9840002,training,c1cc2c3c(cccc3c1)CC2
4.9879999,training,O=Cc1ccc(Cl)cc1Cl
4.993,test,Cc1cccc([N+](=O)[O-])c1[N+](=O)[O-]
5.0120001,test,CCOP(=S)(OCC)O/N=C(\C#N)c1ccccc1
5.013,training,Cc1cc([N+](=O)[O-])cc([N+](=O)[O-])c1O
5.0180001,training,C=CC(=O)OC1CCCCC1
5.027,test,COP(=S)(OC)Oc1ccc([N+](=O)[O-])c(Cl)c1
5.0289998,valid,CNC(=O)Oc1ccc(N(C)C)c(C)c1
5.039,training,Nc1ccccc1C(=O)c1ccc(Cl)cc1
5.0479999,training,CC(=O)c1ccc(Cl)c(Cl)c1Cl
5.052,test,CCCCOCCOC(=O)COc1ccc(Cl)cc1Cl
5.052,training,BrCCCBr
5.052,training,CC1=CCC(=C(C)C)CC1
5.0549998,training,CCCCCCCCCC(C)=O
5.0619998,test,COP(=O)(OC)OC(Br)C(Cl)(Cl)Br
5.072,training,N#CCC#N
5.0840001,valid,Cc1ccc([N+](=O)[O-])c([N+](=O)[O-])c1
5.085,training,Nc1ccc(-c2ccc(N)c(Cl)c2)cc1Cl
5.086,training,CCCCCCCBr
5.0869999,training,CCN(CC)c1nc(C)cc(OP(=S)(OC)OC)n1
5.1040001,test,CC(C)C1=CC2=CCC3[C@](C)(C(=O)O)CCC[C@]3(C)C2CC1
5.105,training,C=CCOC(=O)C(=C)C
5.1149998,training,CC(C)(C)SSC(C)(C)C
5.1279998,training,N#CC(Br)(Br)C(N)=O
5.1300001,training,IC(I)I
5.1459999,training,C=CC(=O)OCCCCCC
5.1459999,valid,Cc1cc([N+](=O)[O-])ccc1[N+](=O)[O-]
5.1589999,training,CCCCCCCC#CCO
5.1690001,training,CC(=O)CC(=O)c1ccccc1
5.171,test,Oc1ccc(N=Nc2ccccc2)cc1
5.171,training,CNC(=O)O/N=C/C(C)(C)SC
5.184,test,CCCCNC(=O)n1c(NC(=O)OC)nc2ccccc21
5.1890001,training,O=Cc1cc(Br)ccc1O
5.1919999,training,C=CC(C)(O)CC/C=C(\C)CCC=C(C)C
5.1939998,training,CCCCCCCCCCC(C)=O
5.2189999,training,CCCCCCCCCCCO
5.224,training,CCCCOC(=O)c1ccccc1C(=O)OCc1ccccc1
5.2420001,training,ClC(Cl)(Cl)C(Cl)(Cl)Cl
5.2449999,training,CC(O)(c1ccc(Cl)cc1)c1ccc(Cl)cc1
5.2509999,training,O=Cc1c(F)c(F)c(F)c(F)c1F
5.2550001,training,c1ccc2c(c1)[nH]c1ccccc12
5.2589998,training,C=CCO
5.2620001,valid,Fc1ccc(Oc2ccc(F)cc2)cc1
5.2659998,training,Oc1cc(Cl)c(Cl)cc1Cl
5.2659998,training,CCCCCCCCCCCCO
5.276,training,O=C(Oc1ccccc1)c1ccccc1O
5.277,test,COC(=O)C1(O)c2ccccc2-c2ccc(Cl)cc21
5.277,training,O=Cc1cccc(C(F)(F)F)c1
5.2820001,training,C=C(C)[C@H]1CC=C(C)CC1
5.2839999,training,Brc1ccc(Br)cc1
5.29,test,Oc1c(O)c(Cl)c(Cl)c(Cl)c1Cl
5.2930002,training,Clc1ccc(Cl)c(Cl)c1Cl
5.303,training,Oc1cc(Cl)c(Cl)cc1O
5.3070002,training,CC(C)=C1C=C2CCC3[C@](C)(C(=O)O)CCC[C@]3(C)C2CC1
5.3080001,training,O=Cc1cc(Cl)ccc1O
5.3109999,test,CCOC(=O)C(Cl)C(=O)OCC
5.3150001,training,CCOP(=S)(OCC)Oc1ccc([N+](=O)[O-])cc1
5.316,training,O=[N+]([O-])c1cc([N+](=O)[O-])cc([N+](=O)[O-])c1
5.3470001,valid,CCOP(=O)(OCC)OP(=O)(OCC)OCC
5.3520002,training,Oc1c(Cl)cc(Cl)c(Cl)c1Cl
5.3540001,training,CCOP(=S)(CC)Sc1ccccc1
5.3629999,training,CCCCCCCCBr
5.3670001,training,CCCCOC(=O)c1ccccc1C(=O)OCCCC
5.3720002,training,Cc1c([N+](=O)[O-])ccc([N+](=O)[O-])c1N
5.375,test,Clc1cccc(Cl)c1C(Cl)Cl
5.3829999,training,COC(=O)C1C(C(=O)OC)C2(Cl)C(Cl)=C(Cl)C1(Cl)C2(Cl)Cl
5.3850002,training,Clc1cc(Cl)cc(C2(CC(Cl)(Cl)Cl)CO2)c1
5.3899999,training,O=[N+]([O-])c1ccc([N+](=O)[O-])cc1
5.3930001,training,CCN(CC)c1c([N+](=O)[O-])cc(C(F)(F)F)c(N)c1[N+](=O)[O-]
5.4039998,training,CNC(=O)Oc1cccc2c1OC(C)(C)C2
5.434,valid,C=C1CCC2CC1C2(C)C
5.4400001,training,CC(C)(c1cc(Cl)c(O)c(Cl)c1)c1cc(Cl)c(O)c(Cl)c1
5.447,test,O=[N+]([O-])c1ccccc1[N+](=O)[O-]
5.4780002,training,O=[N+]([O-])c1ccc(/C=C/c2cccc(CO)n2)o1
5.4850001,training,C#CC(O)CCCCC
5.4899998,training,CC(C)COC(=O)c1ccccc1C(=O)OCC(C)C
5.507,test,COP(=S)(OC)SCn1nnc2ccccc2c1=O
5.5180001,training,O=Cc1cc(Br)cc(Br)c1O
5.5219998,training,CCCCOC(=O)/C=C/C(=O)OCCCC
5.5409999,training,C=C[C@@]1(C)CCC2C(=CCC3[C@](C)(C(=O)O)CCC[C@]23C)C1
5.5440001,test,O=P(Oc1ccccc1)(Oc1ccccc1)Oc1ccccc1
5.5580001,training,N#CC(Br)Br
5.5679998,valid,CCCCOCCOC(=O)C(C)Oc1cc(Cl)c(Cl)cc1Cl
5.5910001,training,Oc1c(I)cc(I)cc1I
5.6350002,test,COc1c(Cl)c(Cl)c(Cl)c(Cl)c1Cl
5.6420002,training,CCCCCCCCS(=O)C(C)Cc1ccc2c(c1)OCO2
5.6430001,test,Brc1ccc(Oc2ccccc2)cc1
5.6529999,test,CCCCOCN(C(=O)CCl)c1c(CC)cccc1CC
5.6739998,training,CCCCOC(=O)c1ccc(C(=O)OCCCC)cc1
5.677,test,COP(=S)(OC)Oc1nc(Cl)c(Cl)cc1Cl
5.678,training,C=CCCCCCCC=C
5.6789999,training,C1C2CC3CC1CC(C2)C3
5.6869998,training,CC1=CC[C@H]2C[C@H]1C2(C)C
5.7280002,training,CCOP(=S)(OCC)SCSP(=S)(OCC)OCC
5.73,training,Clc1nc(Cl)c(Cl)c(Cl)c1Cl
5.737,training,Oc1cc(Cl)c(Cl)c(Cl)c1Cl
5.7410002,valid,CCCCCCCCCCCC(C)=O
5.7670002,test,CCCCCCCCOc1ccccc1NC(C)=O
5.8200002,training,C=C(CCl)CCl
5.829,training,Clc1cc(Cl)c(Cl)cc1Cl
5.835,training,CC(C)(c1cc(Br)c(O)c(Br)c1)c1cc(Br)c(O)c(Br)c1
5.842,training,CC(C)(C)c1ccc(Oc2cccc(C=O)c2)cc1
5.8520002,training,CCCN(CCC)c1c([N+](=O)[O-])cc(C(C)C)cc1[N+](=O)[O-]
5.8610001,training,OC(c1ccc(Cl)cc1)(c1ccc(Cl)cc1)C(Cl)(Cl)Cl
5.9120002,test,CCCCCCCCCCCN
5.9120002,training,CCCCCCCCCc1ccc(O)cc1
5.9130001,valid,Clc1cc(Cl)c(Cl)c(Cl)c1Cl
5.9299998,test,Nc1c(Cl)c(Cl)cc(Cl)c1Cl
5.9330001,test,CCCSCSP(=S)(OCC)OCC
5.9390001,training,Oc1ccc(Cl)cc1Cc1cc(Cl)ccc1O
5.9499998,training,O=Cc1cccc(Oc2ccc(Cl)c(Cl)c2)c1
5.9809999,training,CCOP(=O)(OCC)Oc1ccc([N+](=O)[O-])cc1
5.9850001,test,Oc1cc(Cl)ccc1Oc1ccc(Cl)cc1Cl
5.9850001,training,BrC(Br)c1ccccc1C(Br)Br
6.0180001,training,CCOP(=S)(OCC)SCSCC
6.0229998,training,COP(=S)(OC)Oc1cc(Cl)c(Cl)cc1Cl
6.027,training,Oc1c(Cl)c(Cl)c(Cl)c(Cl)c1Cl
6.0380001,training,c1ccc(-c2cccc(-c3ccccc3)n2)cc1
6.0640001,training,C=CCN=C=S
6.0770001,training,O=C(Nc1cccc(Cl)c1)c1cccc([N+](=O)[O-])c1O
6.0869999,training,O=[N+]([O-])c1c(Cl)cc(Cl)c([N+](=O)[O-])c1Cl
6.1129999,valid,O=C1C2(Cl)C3(Cl)C4(Cl)C(Cl)(Cl)C5(Cl)C3(Cl)C1(Cl)C5(Cl)C24Cl
6.1430001,training,CCOP(=S)(OCC)O/C(=C/Cl)c1cc(Cl)ccc1Cl
6.1479998,test,CCCCNC(=O)OCC#CI
6.171,training,CCOP(=S)(CC)Oc1cc(Cl)c(Cl)cc1Cl
6.177,training,CCOP(=S)(OCC)SCSc1ccc(Cl)cc1
6.1799998,training,O=C1C(Cl)=C(Cl)C(=O)c2ccccc21
6.1830001,training,CCCCCCCCn1sccc1=O
6.191,training,CCC(C)c1cc([N+](=O)[O-])cc([N+](=O)[O-])c1O
6.1950002,training,CC1=CC(=O)c2ccccc2C1=O
6.2010002,test,ClC1=C(Cl)C2(Cl)C=CC1(Cl)C2(Cl)Cl
6.2069998,training,O=C1c2ccccc2C(=O)N1SC(Cl)(Cl)Cl
6.2090001,training,CCOP(=S)(Oc1ccc([N+](=O)[O-])cc1)c1ccccc1
6.2329998,training,CCCCCCCCc1ccc(N)cc1
6.2379999,test,CCOP(=S)(OCC)SCn1c(=O)oc2cc(Cl)ccc21
6.2540002,test,N#Cc1sc2c(=O)c3ccccc3c(=O)c=2sc1C#N
6.2550001,training,CCCCCCCCCCCCN
6.2579999,test,CCOP(=S)(OCC)OP(=S)(OCC)OCC
6.2979999,training,c1ccc(SSc2ccccc2)cc1
6.3169999,training,C=CC=O
6.3169999,training,Cc1c([N+](=O)[O-])ccc([N+](=O)[O-])c1[N+](=O)[O-]
6.3509998,training,O=C1C2CC=CCC2C(=O)N1SC(Cl)(Cl)Cl
6.3559999,training,CCOP(=S)(OCC)Oc1nc(Cl)c(Cl)cc1Cl
6.3839998,test,C=CC(C)(O)CCC1C(=C)CCC2C(C)(C)CCCC12C
6.408,training,CC(C)=CCC/C(C)=C/CN(C/C=C(\C)CCC=C(C)C)CCO
6.4390001,test,ClC(Cl)=C(Cl)C(Cl)=C(Cl)Cl
6.4460001,valid,CCNS(=O)(=O)C(F)(F)C(F)(F)C(F)(F)C(F)(F)C(F)(F)C(F)(F)C(F)(F)C(F)(F)F
6.4840002,training,CCCCCCCCCCCCCN
6.5040002,training,CCCN(CCC)c1c([N+](=O)[O-])cc(C(F)(F)F)cc1[N+](=O)[O-]
6.5250001,training,CCCCN(CC)c1c([N+](=O)[O-])cc(C(F)(F)F)cc1[N+](=O)[O-]
6.5349998,training,O=C(Nc1ccc(Cl)cc1)Nc1ccc(Cl)c(Cl)c1
6.5689998,training,CCCCCCCCCCc1ccc(N)cc1
6.5999999,training,O=C(Oc1ccccc1)c1ccccc1C(=O)Oc1ccccc1
6.6040001,training,ClC1=C(Cl)C(Cl)(Cl)C(Cl)=C1Cl
6.6339998,training,CC(C)(C)c1cc(C(C)(C)C)c(O)c(C(C)(C)C)c1
6.6440001,training,c1ccc(-c2ccc(-c3ccccc3)o2)cc1
6.645,training,CCCSP(=O)(OCC)Oc1ccc(Br)cc1Cl
6.6479998,valid,COc1ccc(OC)c(C(=O)CBr)c1
6.652,training,ClCc1ccc(CCl)cc1
6.665,valid,CC(C)=CC1C(C(=O)OCc2ccc(C)cc2C)C1(C)C
6.6669998,training,C=CCC1=C(C)C(OC(=O)C2C(C=C(C)C)C2(C)C)CC1=O
6.6989999,test,C=CCC1=C(C)C(OC(=O)[C@@H]2[C@@H](C=C(C)C)C2(C)C)CC1=O
6.7199998,valid,Oc1c(Br)c(Br)c(Br)c(Br)c1Br
6.7519999,training,ClC1=C(Cl)C2(Cl)C3C(Cl)C=CC3C1(Cl)C2(Cl)Cl
6.7740002,valid,c1ccc2c(c1)-c1cccc3cccc-2c13
6.7839999,training,O=[N+]([O-])c1cc([N+](=O)[O-])c(Cl)cc1Cl
6.8099999,training,CCOP(=S)(OCC)SCSC(C)(C)C
6.8189998,test,CC1(C)CNC(=NN=C(/C=C/c2ccc(C(F)(F)F)cc2)/C=C/c2ccc(C(F)(F)F)cc2)NC1
6.8189998,training,ClC1=C(Cl)C2(Cl)C3C(Cl)C(Cl)CC3C1(Cl)C2(Cl)Cl
6.882,training,Clc1ccc(Cl)c(-c2ccccc2Cl)c1
6.9070001,training,CCC(C)c1cccc(OC(=O)N(C)Sc2ccccc2)c1
7.0450001,test,CN(C)C(=S)SSC(=S)N(C)C
7.086,training,ClC1=C(Cl)C2(Cl)C3C4C=CC(C4)C3C1(Cl)C2(Cl)Cl
7.211,test,CC1(C)C(C=C(Cl)Cl)C1C(=O)OCc1cccc(Oc2ccccc2)c1
7.2709999,training,Clc1ccc(C(c2ccc(Cl)cc2)C(Cl)(Cl)Cl)cc1
7.2849998,training,C/C=C/c1ccc(OC)cc1
7.2870002,training,Oc1c(Cl)cc(Cl)c(Cl)c1Cc1c(O)c(Cl)cc(Cl)c1Cl
7.4260001,test,O=C(Nc1ccccc1)c1ccccc1O
7.6069999,training,COc1ccc(C(c2ccc(OC)cc2)C(Cl)(Cl)Cl)cc1
7.691,training,Cc1c(Cl)cc(C(C)(C)C)c(O)c1C(=O)Nc1ccc([N+](=O)[O-])cc1Cl
7.809,training,C=Cn1c2ccccc2c2ccccc21
7.8179998,training,C=C(C)[C@H]1Cc2c(ccc3c2OC2COc4cc(OC)c(OC)cc4C2C3=O)O1
7.8990002,test,CC(C)=CC1C(C(=O)OCc2coc(Cc3ccccc3)c2)C1(C)C
8.1000004,training,ClC1=C(Cl)C2(Cl)C3C4OC4(Cl)C(Cl)C3C1(Cl)C2(Cl)Cl
8.1370001,training,CC(C)C(C(=O)OC(C#N)c1cccc(Oc2ccccc2)c1)c1ccc(Cl)cc1
8.1639996,training,COP(=O)(OC)Oc1nc(Cl)c(Cl)cc1Cl
8.1689997,test,CC1(C)C(C(=O)OC(C#N)c2cccc(Oc3ccccc3)c2)C1(C)C
8.1999998,training,CC(C)(C)c1ccc(CSc2cnn(C(C)(C)C)c(=O)c2Cl)cc1
8.4840002,training,O=S1OCC2C(CO1)C1(Cl)C(Cl)=C(Cl)C2(Cl)C1(Cl)Cl
8.5710001,valid,CC1(C)C(C=C2CCCC2)C1C(=O)OCc1coc(Cc2ccccc2)c1
8.6040001,training,CC1(C)C(C=C(Cl)Cl)C1C(=O)OC(C#N)c1ccc(F)c(Oc2ccccc2)c1
8.9759998,valid,CC(C)C(C(=O)OC(C#N)c1cccc(Oc2ccccc2)c1)c1ccc(OC(F)F)cc1
9.2609997,training,CC(C)[C@H](C(=O)O[C@H](C#N)c1cccc(Oc2ccccc2)c1)c1ccc(Cl)cc1
